Senecellacopepodites,Holopediumgibberum,Limnocalanuscopepodites,Harpacticoidcopepodites,Polyphemuspediculus,Cyclopscopepodites,Mysisdiluviana,Mesocyclopsedax,Ceriodaphniaspp,Alonaspp,Diacyclopsthomasi,Chydorussp,Calanoidcopepodites,Leptodiaptomusminutus,Leptodiaptomussicilis,Diacyclopsnanus,Epischuralacustris,Senecellacalanoides,Daphniaspp,Daphniaparvula,Microcyclopsvaricans,Limnocalanusmacrurus,Epischuracopepodites,Skistodiaptomusoregonensis,Cercopagispengoi,Daphniaretrocurva,Tropocyclopsprasinusmexicanus,Leptodiaptomusashlandi,Daphnialongiremis,Bosminaspp,Leptodorakindti,Eurytemoracarolleea,Bythotrepheslongimanus,Daphniagaleatamendotae,Eurycercuslamellatus,Alonella,Diaphanosomaspp,Eubosminacoregoni,Bosminalongirostris,Lecaneludwigi,Lecanespp,Trichocercaporcellus,Copepodnauplii,Ptygura,Stephanoceros,Ploesomahudsoni,Euchlanisspp,Keratellacochlearis,Rotifera,Collothecaspp,Gastropusstylifer,DreissenidVeligers,Keratellacrassa,Conochilusunicornis,Lecaneflexilis,Ascomorphaovalis,Monostylaspp,Notholcaacuminata,Kellicottialongispina,Tylotrochamonopus,Trichocercaspp,Bdelloidea,Monostylacopeis,Monostylalunaris,Pompholyxsulcata,Lepadellaspp,Ploesomatruncatum,Trichocercarousseleti,Synchaetaspp,Keratellaearlinae,Ploesomalenticulare,Ascomorphaeucaudis,Asplanchnapriodonta,Cephalodellaspp,Notholcalaurentiae,Trichotriaspp,Keratellahiemalis,Notholcafoliacea,Polyarthraspp,Trichocercacylindrica,Notholcasquamula,Keratellaquadrata,Trichocercamulticrinis
43.69402474,524.3282969,0,0,0,20186.63943,0,131.0820742,0,0,131.0820742,0,1310.820742,174.776099,0,0,0,0,43.69402474,0,0,0,0,305.8581732,0,43.69402474,0,87.38804948,0,87.38804948,0,0,0.652149623,0,0,0,0,0,4806.342722,NA,NA,NA,NA,NA,NA,NA,NA,NA,NA,NA,NA,NA,NA,NA,NA,NA,NA,NA,NA,NA,NA,NA,NA,NA,NA,NA,NA,NA,NA,NA,NA,NA,NA,NA,NA,NA,NA,NA,NA,NA,NA,NA,NA
0,315.5075723,0,0,0,5908.596353,0,143.4125328,0,28.68250657,401.555092,0,3843.45588,258.1425591,0,0,0,0,0,0,0,0,258.1425591,200.777546,0,0,57.36501314,86.04751971,28.68250657,0,0,0,0,0,0,0,0,0,3040.345696,NA,NA,NA,NA,NA,NA,NA,NA,NA,NA,NA,NA,NA,NA,NA,NA,NA,NA,NA,NA,NA,NA,NA,NA,NA,NA,NA,NA,NA,NA,NA,NA,NA,NA,NA,NA,NA,NA,NA,NA,NA,NA,NA,NA
0,485.4891638,102.1701076,0,0,4546.569789,0,178.978841,0,0,894.1695943,0,6922.205944,204.7025206,0,0,25.72367958,0,0,0,0,153.6174668,230.0638948,357.5953766,0,0,51.08505381,306.8726282,25.72367958,383.3190562,0,0,5.796885538,0,0,0,0,0,3141.911962,NA,NA,NA,NA,NA,NA,NA,NA,NA,NA,NA,NA,NA,NA,NA,NA,NA,NA,NA,NA,NA,NA,NA,NA,NA,NA,NA,NA,NA,NA,NA,NA,NA,NA,NA,NA,NA,NA,NA,NA,NA,NA,NA,NA
0,48.70742497,21.60245626,5.502512444,0,415.9491814,0,5.502512444,0,0,27.10496871,0,766.8871973,167.5209344,0,0,21.80625302,0,0,0,0,5.502512444,302.4343877,16.30374057,0,0,10.80122813,27.10496871,0,5.502512444,0,0,1.4265773,0,0,0,0,0,270.0307033,NA,NA,NA,NA,NA,NA,NA,NA,NA,NA,NA,NA,NA,NA,NA,NA,NA,NA,NA,NA,NA,NA,NA,NA,NA,NA,NA,NA,NA,NA,NA,NA,NA,NA,NA,NA,NA,NA,NA,NA,NA,NA,NA,NA
23.75687912,8.967057316,41.57453846,0,0,231.6295714,0,0,0,0,596.9498156,0,469.1983627,68.35925512,17.81765934,0,3.027837535,0,0,0,0,6.05567507,26.78471666,3.027837535,0,0,0,59.5086531,0,0,0,0,0.349365869,0,0,0,0,0,190.055033,NA,NA,NA,NA,NA,NA,NA,NA,NA,NA,NA,NA,NA,NA,NA,NA,NA,NA,NA,NA,NA,NA,NA,NA,NA,NA,NA,NA,NA,NA,NA,NA,NA,NA,NA,NA,NA,NA,NA,NA,NA,NA,NA,NA
16.30374058,6.521496231,97.82244346,0,0,55.43271796,0,0,0,0,388.0290257,0,736.9290741,140.212169,114.126184,0,0,0,0,0,0,0,0,6.521496231,0,0,0,94.56169534,0,0,0,0,0.079530442,0,0,0,0,0,13.04299246,NA,NA,NA,NA,NA,NA,NA,NA,NA,NA,NA,NA,NA,NA,NA,NA,NA,NA,NA,NA,NA,NA,NA,NA,NA,NA,NA,NA,NA,NA,NA,NA,NA,NA,NA,NA,NA,NA,NA,NA,NA,NA,NA,NA
6.52149623,32.60748115,32.60748115,6.52149623,6.52149623,443.4617437,0,45.65047361,0,0,391.2897738,0,1258.648772,528.2411946,58.69346607,0,52.17196984,0,0,0,0,6.52149623,365.2037889,6.52149623,0,0,0,19.56448869,0,39.12897738,0,0,1.956448869,0,0,0,0,0,495.6337135,NA,NA,NA,NA,NA,NA,NA,NA,NA,NA,NA,NA,NA,NA,NA,NA,NA,NA,NA,NA,NA,NA,NA,NA,NA,NA,NA,NA,NA,NA,NA,NA,NA,NA,NA,NA,NA,NA,NA,NA,NA,NA,NA,NA
3.478131323,1.739065661,23.69476964,0,0,123.0388955,0,1.739065661,0,1.739065661,58.91084928,0,288.0327502,131.5168406,16.73850699,0,0,0,0,0,0,0,18.47757265,1.739065661,0,0,1.739065661,10.21701076,0,0,0,0,0,0,0,0,0,0,45.4330904,NA,NA,NA,NA,NA,NA,NA,NA,NA,NA,NA,NA,NA,NA,NA,NA,NA,NA,NA,NA,NA,NA,NA,NA,NA,NA,NA,NA,NA,NA,NA,NA,NA,NA,NA,NA,NA,NA,NA,NA,NA,NA,NA,NA
55.29685345,10.05397335,40.21589342,0,0,211.1334404,0,0,0,0,397.1319475,0,809.344855,457.4557876,35.18890674,0,0,0,0,0,0,15.08096003,10.05397335,10.05397335,0,0,0,115.6206936,0,10.05397335,0,0,0.135864505,0,0,0,0,0,90.48576018,NA,NA,NA,NA,NA,NA,NA,NA,NA,NA,NA,NA,NA,NA,NA,NA,NA,NA,NA,NA,NA,NA,NA,NA,NA,NA,NA,NA,NA,NA,NA,NA,NA,NA,NA,NA,NA,NA,NA,NA,NA,NA,NA,NA
3.416021835,0,47.28084767,0,0,70.96008993,0,3.416021835,0,0,435.6980577,0,550.5229734,509.9965326,114.8249158,0,0,3.416021835,0,0,0,0,0,0,0,0,0,135.0881362,0,0,0,0,0,0,0,0,0,0,6.75440681,NA,NA,NA,NA,NA,NA,NA,NA,NA,NA,NA,NA,NA,NA,NA,NA,NA,NA,NA,NA,NA,NA,NA,NA,NA,NA,NA,NA,NA,NA,NA,NA,NA,NA,NA,NA,NA,NA,NA,NA,NA,NA,NA,NA
15.21682454,0,0,0,0,52.17196986,0,0,0,0,14.1299085,0,1384.731033,259.7729333,0,0,0,0,0,0,0,0,22.82523682,0,0,0,0,118.4738482,0,0,0,0,0,0,0,0,0,0,170.6458181,NA,NA,NA,NA,NA,NA,NA,NA,NA,NA,NA,NA,NA,NA,NA,NA,NA,NA,NA,NA,NA,NA,NA,NA,NA,NA,NA,NA,NA,NA,NA,NA,NA,NA,NA,NA,NA,NA,NA,NA,NA,NA,NA,NA
0,0,64.91853065,0,0,97.5260118,0,0,0,10.96797093,1222.780543,0,1514.765715,1146.894042,389.5111839,0,10.96797093,0,0,0,0,0,0,0,0,0,0,227.3630731,0,0,0,0,0.296431647,0,0,0,0,0,21.63951022,NA,NA,NA,NA,NA,NA,NA,NA,NA,NA,NA,NA,NA,NA,NA,NA,NA,NA,NA,NA,NA,NA,NA,NA,NA,NA,NA,NA,NA,NA,NA,NA,NA,NA,NA,NA,NA,NA,NA,NA,NA,NA,NA,NA
0,0,40.69413648,0,0,25.4338353,0,0,0,0,452.7222683,0,874.9239342,396.7678306,157.6897788,0,0,5.08676706,0,0,0,0,30.52060236,5.08676706,0,0,0,50.8676706,0,0,0,0,0,0,0,0,0,0,45.78090354,NA,NA,NA,NA,NA,NA,NA,NA,NA,NA,NA,NA,NA,NA,NA,NA,NA,NA,NA,NA,NA,NA,NA,NA,NA,NA,NA,NA,NA,NA,NA,NA,NA,NA,NA,NA,NA,NA,NA,NA,NA,NA,NA,NA
31.77494973,0,31.77494973,0,0,29.62424352,0,0,0,0,146.039889,0,440.131618,207.3697046,76.1766262,0,0,0,0,0,0,0,6.382740993,0,0,0,0,29.62424352,0,0,0,0,0,0,0,0,0,0,8.464069578,NA,NA,NA,NA,NA,NA,NA,NA,NA,NA,NA,NA,NA,NA,NA,NA,NA,NA,NA,NA,NA,NA,NA,NA,NA,NA,NA,NA,NA,NA,NA,NA,NA,NA,NA,NA,NA,NA,NA,NA,NA,NA,NA,NA
0,89.58486072,0,0,0,1546.440301,0,535.3062579,30.10638762,0,327.4987531,594.784731,3330.794493,238.6481945,297.3923655,0,565.4126455,0,0,0,30.10638762,30.10638762,594.784731,89.58486072,0,30.10638762,0,119.6912483,0,0,0,30.10638762,7.34302137,565.4126455,0,0,30.10638762,30.10638762,7375.330664,NA,NA,NA,NA,NA,NA,NA,NA,NA,NA,NA,NA,NA,NA,NA,NA,NA,NA,NA,NA,NA,NA,NA,NA,NA,NA,NA,NA,NA,NA,NA,NA,NA,NA,NA,NA,NA,NA,NA,NA,NA,NA,NA,NA
2.603434849,0,5.206869699,2.603434849,0,161.4129607,0,7.810304548,0,0,67.68930609,0,354.0671395,70.29274094,70.29274094,0,7.810304548,0,13.01717425,0,0,10.4137394,44.25839244,2.603434849,0,0,0,117.1545682,0,0,0,0,0,0,0,0,0,0,158.8095258,NA,NA,NA,NA,NA,NA,NA,NA,NA,NA,NA,NA,NA,NA,NA,NA,NA,NA,NA,NA,NA,NA,NA,NA,NA,NA,NA,NA,NA,NA,NA,NA,NA,NA,NA,NA,NA,NA,NA,NA,NA,NA,NA,NA
0,1.086916039,3.260748117,1.086916039,0,64.12804629,0,1.086916039,0,3.260748117,7.608412272,0,254.3383531,94.56169538,14.1299085,0,1.086916039,0,0,0,0,6.521496233,4.347664155,2.173832078,0,0,0,72.8233746,0,0,0,0,0,10.86916039,0,0,0,0,180.4280624,NA,NA,NA,NA,NA,NA,NA,NA,NA,NA,NA,NA,NA,NA,NA,NA,NA,NA,NA,NA,NA,NA,NA,NA,NA,NA,NA,NA,NA,NA,NA,NA,NA,NA,NA,NA,NA,NA,NA,NA,NA,NA,NA,NA
7.118996988,0,25.88726177,0,0,84.45719154,0,2.265135405,0,0,98.69518551,0,537.1606818,176.0333801,49.50938814,0,2.265135405,0,0,0,0,18.76826479,7.118996988,16.50312938,0,0,0,232.3381744,11.6492678,0,0,0,0,2.265135405,0,0,0,0,119.7285857,NA,NA,NA,NA,NA,NA,NA,NA,NA,NA,NA,NA,NA,NA,NA,NA,NA,NA,NA,NA,NA,NA,NA,NA,NA,NA,NA,NA,NA,NA,NA,NA,NA,NA,NA,NA,NA,NA,NA,NA,NA,NA,NA,NA
0,0,37.09791837,0,0,248.5560531,0,0,0,0,293.0735552,0,634.3744042,152.1014653,152.1014653,0,0,0,0,0,0,0,0,0,0,0,0,604.6960695,0,0,0,0,0,0,0,0,0,0,44.51750205,NA,NA,NA,NA,NA,NA,NA,NA,NA,NA,NA,NA,NA,NA,NA,NA,NA,NA,NA,NA,NA,NA,NA,NA,NA,NA,NA,NA,NA,NA,NA,NA,NA,NA,NA,NA,NA,NA,NA,NA,NA,NA,NA,NA
2.906990352,0,2.906990352,0,0,67.72501847,0,0,0,0,168.5268731,0,95.06644124,185.8116806,85.00982597,0,0,0,0,0,0,7.228192226,0,10.05661527,0,0,0,171.4338635,0,0,0,0,0,0,0,0,0,0,7.228192226,NA,NA,NA,NA,NA,NA,NA,NA,NA,NA,NA,NA,NA,NA,NA,NA,NA,NA,NA,NA,NA,NA,NA,NA,NA,NA,NA,NA,NA,NA,NA,NA,NA,NA,NA,NA,NA,NA,NA,NA,NA,NA,NA,NA
0,0,0,0,0,5.869346607,0,0,0,0,2.608598492,0,13.04299246,4.565047361,0,0,0,0,0,0,0,0,0,0.652149623,0,0,0.652149623,0.652149623,0,0,0,0,0,0,0,0,0,0,10.43439397,NA,NA,NA,NA,NA,NA,NA,NA,NA,NA,NA,NA,NA,NA,NA,NA,NA,NA,NA,NA,NA,NA,NA,NA,NA,NA,NA,NA,NA,NA,NA,NA,NA,NA,NA,NA,NA,NA,NA,NA,NA,NA,NA,NA
0,0,4.742906349,0,0,73.51504841,0,0,0,0,675.5677231,0,303.2495747,1520.99078,432.197341,0,0,0,0,0,0,13.9322874,0,18.3787621,0,0,0,349.4929116,0,0,0,0,0,0,0,0,0,0,23.12166845,NA,NA,NA,NA,NA,NA,NA,NA,NA,NA,NA,NA,NA,NA,NA,NA,NA,NA,NA,NA,NA,NA,NA,NA,NA,NA,NA,NA,NA,NA,NA,NA,NA,NA,NA,NA,NA,NA,NA,NA,NA,NA,NA,NA
3.493658695,0,0,0,0,45.41756303,0.11645529,0,0,0,328.4039173,0,248.0497673,433.2136781,171.189276,0,0,0,0,0,0,6.987317389,0,13.97463478,0,0,0,551.9980737,0,0,0,0,0,0,0,0,0,0,10.48097608,NA,NA,NA,NA,NA,NA,NA,NA,NA,NA,NA,NA,NA,NA,NA,NA,NA,NA,NA,NA,NA,NA,NA,NA,NA,NA,NA,NA,NA,NA,NA,NA,NA,NA,NA,NA,NA,NA,NA,NA,NA,NA,NA,NA
0,0,21.62390856,0,0,64.87172568,0,0,0,0,265.6651623,0,182.2586579,654.8955164,123.5651918,3.089129794,0,0,0,0,0,6.178259589,0,12.35651918,0,0,0,240.952124,0,0,0,0,0,0,0,0,0,0,9.267389383,NA,NA,NA,NA,NA,NA,NA,NA,NA,NA,NA,NA,NA,NA,NA,NA,NA,NA,NA,NA,NA,NA,NA,NA,NA,NA,NA,NA,NA,NA,NA,NA,NA,NA,NA,NA,NA,NA,NA,NA,NA,NA,NA,NA
2.037967571,0,2.037967571,0,0,65.21496229,0,4.075935143,0,0,63.17699471,0,395.3657089,442.238963,46.87325414,0,4.075935143,0,0,0,0,2.037967571,14.265773,8.151870286,0,0,0,79.48073529,0,0,0,0,0,0,0,0,0,0,14.265773,NA,NA,NA,NA,NA,NA,NA,NA,NA,NA,NA,NA,NA,NA,NA,NA,NA,NA,NA,NA,NA,NA,NA,NA,NA,NA,NA,NA,NA,NA,NA,NA,NA,NA,NA,NA,NA,NA,NA,NA,NA,NA,NA,NA
1.173869321,0,19.56448869,0,0,20.73835801,0,1.173869321,0,0,61.04120471,0,199.2969248,171.6457808,51.91110999,0,0,1.173869321,0,0,0,1.173869321,2.347738643,1.173869321,0,0,0,46.17219331,0,0,0,0,0,0,0,0,0,0,6.912786004,NA,NA,NA,NA,NA,NA,NA,NA,NA,NA,NA,NA,NA,NA,NA,NA,NA,NA,NA,NA,NA,NA,NA,NA,NA,NA,NA,NA,NA,NA,NA,NA,NA,NA,NA,NA,NA,NA,NA,NA,NA,NA,NA,NA
3.954524311,0,101.915723,0,0,90.19090533,0,0,0,0,352.7851951,0,725.2042565,203.9008237,246.9843254,0,0,0,0,0,0,3.954524311,0,7.909048622,0,0,0,623.2885335,0,0,0,0,0,0,0,0,0,0,11.79419531,NA,NA,NA,NA,NA,NA,NA,NA,NA,NA,NA,NA,NA,NA,NA,NA,NA,NA,NA,NA,NA,NA,NA,NA,NA,NA,NA,NA,NA,NA,NA,NA,NA,NA,NA,NA,NA,NA,NA,NA,NA,NA,NA,NA
0,0,1.630374058,0,0,23.80346124,0,0,0,0,10.27135656,0,97.82244345,4.728084767,1.630374058,0,5.543271796,0,0,0,0,0,26.24902233,10.27135656,0,0,0,1.630374058,0,0,0,0,0,0,0,0,0,0,233.6326024,NA,NA,NA,NA,NA,NA,NA,NA,NA,NA,NA,NA,NA,NA,NA,NA,NA,NA,NA,NA,NA,NA,NA,NA,NA,NA,NA,NA,NA,NA,NA,NA,NA,NA,NA,NA,NA,NA,NA,NA,NA,NA,NA,NA
6.260636381,0,100.1701821,0,0,369.3775465,0,0,0,0,162.7765459,0,1396.121913,81.38827295,150.2552731,0,0,0,0,0,0,6.260636381,0,25.04254552,0,6.260636381,0,200.3403642,0,0,0,0,0,0,0,0,0,0,100.1701821,NA,NA,NA,NA,NA,NA,NA,NA,NA,NA,NA,NA,NA,NA,NA,NA,NA,NA,NA,NA,NA,NA,NA,NA,NA,NA,NA,NA,NA,NA,NA,NA,NA,NA,NA,NA,NA,NA,NA,NA,NA,NA,NA,NA
4.258936314,0,67.61061398,0,0,181.736798,0,16.96919938,0,0,283.152719,0,912.7432888,92.96459423,67.67715986,0,0,4.258936314,0,0,0,12.71026306,8.451326748,4.258936314,0,0,0,266.2500655,0,0,0,0,0.26618352,0,0,0,0,0,33.80530699,NA,NA,NA,NA,NA,NA,NA,NA,NA,NA,NA,NA,NA,NA,NA,NA,NA,NA,NA,NA,NA,NA,NA,NA,NA,NA,NA,NA,NA,NA,NA,NA,NA,NA,NA,NA,NA,NA,NA,NA,NA,NA,NA,NA
0,0,0,0,0,2347.738644,0,0,0,0,88.04019915,0,381.5075296,0,0,0,0,0,0,0,0,0,205.4271313,410.8542627,0,29.34673305,0,0,0,0,0,0,0,0,0,0,0,0,9919.19577,NA,NA,NA,NA,NA,NA,NA,NA,NA,NA,NA,NA,NA,NA,NA,NA,NA,NA,NA,NA,NA,NA,NA,NA,NA,NA,NA,NA,NA,NA,NA,NA,NA,NA,NA,NA,NA,NA,NA,NA,NA,NA,NA,NA
0,14.87677057,14.87677057,0,0,1271.963883,0,44.6303117,0,0,185.9596321,0,1130.634563,22.31515585,0,0,0,0,66.94546755,0,0,59.50708226,81.82223811,193.3980174,0,0,0,74.38385283,0,74.38385283,0,0,0.495892352,7.438385283,0,0,0,0,2157.131732,NA,NA,NA,NA,NA,NA,NA,NA,NA,NA,NA,NA,NA,NA,NA,NA,NA,NA,NA,NA,NA,NA,NA,NA,NA,NA,NA,NA,NA,NA,NA,NA,NA,NA,NA,NA,NA,NA,NA,NA,NA,NA,NA,NA
0,46.26103462,7.76262259,0,0,1973.804144,0,0,0,7.76262259,316.1695201,0,1303.071592,7.76262259,0,0,38.60331234,0,23.18296746,7.76262259,0,0,30.84068975,46.36593493,0,0,0,77.20662468,0,7.76262259,0,0,0.734302137,15.42034487,0,0,0,0,1588.295522,NA,NA,NA,NA,NA,NA,NA,NA,NA,NA,NA,NA,NA,NA,NA,NA,NA,NA,NA,NA,NA,NA,NA,NA,NA,NA,NA,NA,NA,NA,NA,NA,NA,NA,NA,NA,NA,NA,NA,NA,NA,NA,NA,NA
4.13044952,4.13044952,28.91314664,0,0,760.0027117,0,12.39134856,0,0,194.1311274,0,755.8722621,8.26089904,8.26089904,0,0,0,0,0,0,24.78269712,0,4.13044952,0,0,8.26089904,41.3044952,0,86.73943992,0,0,0.64251437,0,0,0,0,0,169.3484303,NA,NA,NA,NA,NA,NA,NA,NA,NA,NA,NA,NA,NA,NA,NA,NA,NA,NA,NA,NA,NA,NA,NA,NA,NA,NA,NA,NA,NA,NA,NA,NA,NA,NA,NA,NA,NA,NA,NA,NA,NA,NA,NA,NA
0,32.09833519,5.468605255,0,0,861.4242104,0,0,0,0,32.09833519,0,1957.998447,21.39889013,0,0,0,0,0,0,0,0,5.468605255,16.16805032,0,0,0,160.491676,0,53.49722532,5.468605255,0,0.713296338,0,0,0,0,0,1390.927858,NA,NA,NA,NA,NA,NA,NA,NA,NA,NA,NA,NA,NA,NA,NA,NA,NA,NA,NA,NA,NA,NA,NA,NA,NA,NA,NA,NA,NA,NA,NA,NA,NA,NA,NA,NA,NA,NA,NA,NA,NA,NA,NA,NA
8.422338182,33.5000867,16.75004335,0,0,770.5019942,0,125.6726416,0,0,402.0010404,0,3417.008844,343.4232052,108.9225983,0,8.422338182,0,0,0,0,25.17238153,0,67.09480642,0,0,8.422338182,293.1730752,0,0,0,0,1.892660266,0,0,0,0,0,284.750737,NA,NA,NA,NA,NA,NA,NA,NA,NA,NA,NA,NA,NA,NA,NA,NA,NA,NA,NA,NA,NA,NA,NA,NA,NA,NA,NA,NA,NA,NA,NA,NA,NA,NA,NA,NA,NA,NA,NA,NA,NA,NA,NA,NA
11.09572081,16.67091057,5.575189765,0,0,416.1168596,0,11.15037953,0,0,149.8195602,0,2479.920929,72.1495146,55.53326275,0,11.15037953,0,0,0,0,38.86235218,0,0,0,0,0,110.9572081,0,0,0,0,0.710563401,0,0,0,0,0,210.8186953,NA,NA,NA,NA,NA,NA,NA,NA,NA,NA,NA,NA,NA,NA,NA,NA,NA,NA,NA,NA,NA,NA,NA,NA,NA,NA,NA,NA,NA,NA,NA,NA,NA,NA,NA,NA,NA,NA,NA,NA,NA,NA,NA,NA
0,19.02123567,0,0,0,3447.319242,0,0,0,0,132.6691228,0,871.3004677,0,0,0,0,0,56.9038647,0,0,0,0,19.02123567,0,19.02123567,0,0,0,284.1996389,0,0,0.159842317,0,0,0,0,0,3371.553984,NA,NA,NA,NA,NA,NA,NA,NA,NA,NA,NA,NA,NA,NA,NA,NA,NA,NA,NA,NA,NA,NA,NA,NA,NA,NA,NA,NA,NA,NA,NA,NA,NA,NA,NA,NA,NA,NA,NA,NA,NA,NA,NA,NA
0,29.36611823,0,0,0,1732.600976,0,44.04917735,0,0,836.9343696,0,557.9562464,0,0,0,0,0,0,0,0,29.36611823,0,14.68305912,0,58.73223646,0,58.73223646,0,469.8578917,0,0,0.333705889,0,0,0,0,0,4992.240099,NA,NA,NA,NA,NA,NA,NA,NA,NA,NA,NA,NA,NA,NA,NA,NA,NA,NA,NA,NA,NA,NA,NA,NA,NA,NA,NA,NA,NA,NA,NA,NA,NA,NA,NA,NA,NA,NA,NA,NA,NA,NA,NA,NA
0,355.2079896,0,0,0,1944.296364,0,18.69515735,0,0,822.5869232,0,1140.404598,0,0,0,0,0,0,0,0,18.69515735,18.69515735,0,0,0,0,168.2564161,0,486.074091,18.69515735,0,0.978234977,0,0,0,0,0,4243.800717,NA,NA,NA,NA,NA,NA,NA,NA,NA,NA,NA,NA,NA,NA,NA,NA,NA,NA,NA,NA,NA,NA,NA,NA,NA,NA,NA,NA,NA,NA,NA,NA,NA,NA,NA,NA,NA,NA,NA,NA,NA,NA,NA,NA
0,11.66724506,57.62911955,0,0,965.1993643,0,0,0,0,1103.084988,0,758.3709291,413.6568704,207.1819881,0,22.98093724,0,0,0,0,34.64818231,57.62911955,45.96187449,0,0,11.66724506,666.4471801,11.66724506,103.590994,0,0,0.707105761,0,0,0,0,0,275.7712469,NA,NA,NA,NA,NA,NA,NA,NA,NA,NA,NA,NA,NA,NA,NA,NA,NA,NA,NA,NA,NA,NA,NA,NA,NA,NA,NA,NA,NA,NA,NA,NA,NA,NA,NA,NA,NA,NA,NA,NA,NA,NA,NA,NA
12.51577198,0,33.30468137,0,0,241.5119728,0,8.379203273,0,0,183.1757475,0,495.4336518,120.8090193,162.3868381,0,0,0,0,0,0,12.51577198,0,24.92547809,0,0,4.136568705,353.9417889,0,12.51577198,0,0,0.424263457,0,0,0,0,0,12.51577198,NA,NA,NA,NA,NA,NA,NA,NA,NA,NA,NA,NA,NA,NA,NA,NA,NA,NA,NA,NA,NA,NA,NA,NA,NA,NA,NA,NA,NA,NA,NA,NA,NA,NA,NA,NA,NA,NA,NA,NA,NA,NA,NA,NA
13.60690258,0,43.08852483,0,0,58.9632445,0,0,0,0,240.3886122,0,371.9220038,149.6759284,86.17704966,0,0,0,0,0,0,0,2.267817096,15.87471967,0,0,0,124.7299403,0,2.267817096,0,0,0,0,0,0,0,0,4.535634193,NA,NA,NA,NA,NA,NA,NA,NA,NA,NA,NA,NA,NA,NA,NA,NA,NA,NA,NA,NA,NA,NA,NA,NA,NA,NA,NA,NA,NA,NA,NA,NA,NA,NA,NA,NA,NA,NA,NA,NA,NA,NA,NA,NA
4.23897255,28.69458341,40.75935144,0,0,546.1753093,0,12.39084284,0,0,334.2266818,0,733.6683259,265.0988218,24.45561086,0,0,0,0,4.23897255,0,24.45561086,61.30206456,212.2747023,0,0,16.30374058,175.4282486,0,40.75935144,0,0,2.934673304,0,0,0,0,0,534.1105413,NA,NA,NA,NA,NA,NA,NA,NA,NA,NA,NA,NA,NA,NA,NA,NA,NA,NA,NA,NA,NA,NA,NA,NA,NA,NA,NA,NA,NA,NA,NA,NA,NA,NA,NA,NA,NA,NA,NA,NA,NA,NA,NA,NA
0,6.279959333,75.35951199,0,0,477.2769093,0,0,0,0,313.9979666,0,602.8760959,288.8781293,25.11983733,0,0,0,0,0,0,37.679756,12.55991867,175.8388613,0,0,18.839878,263.758292,0,6.279959333,0,0,3.502285012,0,0,0,0,0,169.558902,NA,NA,NA,NA,NA,NA,NA,NA,NA,NA,NA,NA,NA,NA,NA,NA,NA,NA,NA,NA,NA,NA,NA,NA,NA,NA,NA,NA,NA,NA,NA,NA,NA,NA,NA,NA,NA,NA,NA,NA,NA,NA,NA,NA
24.52082583,55.17185811,36.78123874,0,0,796.9268393,0,24.52082583,0,0,649.8018844,0,637.5414715,122.6041291,18.39061937,0,0,0,0,0,0,42.91144519,0,49.04165165,0,0,12.26041291,588.4998198,0,67.43227102,0,0,2.869458341,0,0,0,0,0,422.9842455,NA,NA,NA,NA,NA,NA,NA,NA,NA,NA,NA,NA,NA,NA,NA,NA,NA,NA,NA,NA,NA,NA,NA,NA,NA,NA,NA,NA,NA,NA,NA,NA,NA,NA,NA,NA,NA,NA,NA,NA,NA,NA,NA,NA
0,0,0,0,0,756.5829617,0,0,0,0,0,14.72800286,2298.113928,523.6623239,14.72800286,0,102.0050568,0,0,0,0,0,145.6435838,130.915581,0,0,14.72800286,145.6435838,0,0,0,0,14.72800286,2109.377298,0,0,0,0,2167.198347,NA,NA,NA,NA,NA,NA,NA,NA,NA,NA,NA,NA,NA,NA,NA,NA,NA,NA,NA,NA,NA,NA,NA,NA,NA,NA,NA,NA,NA,NA,NA,NA,NA,NA,NA,NA,NA,NA,NA,NA,NA,NA,NA,NA
0,109.7785199,0,27.71635898,0,2662.400836,0,192.3841388,27.71635898,0,27.71635898,658.6711192,2113.508236,110.3219779,27.71635898,0,165.2112378,0,0,0,0,0,357.0519186,54.88925993,0,576.6089583,110.3219779,0,0,109.7785199,0,27.71635898,4.891122172,2058.618976,0,0,27.71635898,164.6677798,11636.52311,NA,NA,NA,NA,NA,NA,NA,NA,NA,NA,NA,NA,NA,NA,NA,NA,NA,NA,NA,NA,NA,NA,NA,NA,NA,NA,NA,NA,NA,NA,NA,NA,NA,NA,NA,NA,NA,NA,NA,NA,NA,NA,NA,NA
0,0,0,0,0,245.4877509,0,23.75687912,0,0,15.83791941,0,997.788923,134.622315,15.83791941,0,269.24463,0,0,0,0,0,562.2461392,31.67583883,0,0,0,39.59479853,0,0,0,0,19.56448869,380.1100659,0,0,0,7.918959707,752.3011721,NA,NA,NA,NA,NA,NA,NA,NA,NA,NA,NA,NA,NA,NA,NA,NA,NA,NA,NA,NA,NA,NA,NA,NA,NA,NA,NA,NA,NA,NA,NA,NA,NA,NA,NA,NA,NA,NA,NA,NA,NA,NA,NA,NA
0,7.336683258,0,0,0,330.1507466,0,36.68341629,0,0,80.70351584,7.336683258,2648.542656,163.5808638,51.35678281,0,110.0502489,0,0,0,0,0,293.4673303,22.01004977,0,0,7.336683258,198.090448,0,0,0,0,7.064954249,124.7236154,0,0,0,0,161.4070317,NA,NA,NA,NA,NA,NA,NA,NA,NA,NA,NA,NA,NA,NA,NA,NA,NA,NA,NA,NA,NA,NA,NA,NA,NA,NA,NA,NA,NA,NA,NA,NA,NA,NA,NA,NA,NA,NA,NA,NA,NA,NA,NA,NA
15.35707177,0,30.71414354,0,0,176.6063253,0,61.42828707,0,0,214.9990047,0,3578.197722,138.2136459,145.8921818,0,0,0,0,0,0,0,130.53511,0,0,0,0,453.0336171,0,0,0,0,1.051854231,0,0,0,0,0,30.71414354,NA,NA,NA,NA,NA,NA,NA,NA,NA,NA,NA,NA,NA,NA,NA,NA,NA,NA,NA,NA,NA,NA,NA,NA,NA,NA,NA,NA,NA,NA,NA,NA,NA,NA,NA,NA,NA,NA,NA,NA,NA,NA,NA,NA
4.633694692,0,41.36001558,0,0,128.5421231,0,4.633694692,0,0,284.6289869,0,798.7974793,472.894286,169.9021387,0,0,0,0,0,0,4.633694692,0,13.81527491,0,0,0,247.902666,0,0,0,0,0,0,0,0,0,0,45.90790111,NA,NA,NA,NA,NA,NA,NA,NA,NA,NA,NA,NA,NA,NA,NA,NA,NA,NA,NA,NA,NA,NA,NA,NA,NA,NA,NA,NA,NA,NA,NA,NA,NA,NA,NA,NA,NA,NA,NA,NA,NA,NA,NA,NA
0,0,0,0,0,289.1822236,0,7.132963377,0,7.132963377,0,0,1352.290973,180.7017389,0,0,57.65812063,0,0,0,0,0,592.9275807,0,0,0,21.69609694,0,0,0,0,0,8.618997413,1019.716556,7.132963377,7.132963377,0,0,209.828006,NA,NA,NA,NA,NA,NA,NA,NA,NA,NA,NA,NA,NA,NA,NA,NA,NA,NA,NA,NA,NA,NA,NA,NA,NA,NA,NA,NA,NA,NA,NA,NA,NA,NA,NA,NA,NA,NA,NA,NA,NA,NA,NA,NA
0,0,0,0,0,61.26320061,0,14.32768401,0,0,0,0,656.3561453,50.39392308,3.705435521,0,129.9372723,0,0,0,0,0,652.8977388,0,0,0,3.705435521,3.705435521,0,0,0,0,5.187609729,25.19696154,0,0,0,0,28.90239706,NA,NA,NA,NA,NA,NA,NA,NA,NA,NA,NA,NA,NA,NA,NA,NA,NA,NA,NA,NA,NA,NA,NA,NA,NA,NA,NA,NA,NA,NA,NA,NA,NA,NA,NA,NA,NA,NA,NA,NA,NA,NA,NA,NA
5.048290036,0,15.14487011,0,0,373.5734627,0,95.91751068,0,0,106.0140908,0,2488.806988,358.4285925,30.28974022,0,95.91751068,0,0,0,0,15.14487011,131.2555409,20.19316014,0,0,0,75.72435054,0,5.048290036,0,0,4.236957709,95.91751068,0,0,0,0,30.28974022,NA,NA,NA,NA,NA,NA,NA,NA,NA,NA,NA,NA,NA,NA,NA,NA,NA,NA,NA,NA,NA,NA,NA,NA,NA,NA,NA,NA,NA,NA,NA,NA,NA,NA,NA,NA,NA,NA,NA,NA,NA,NA,NA,NA
0,0,92.29767378,0,0,307.6589126,0,169.2762316,0,0,84.63811579,0,3722.672843,284.616409,84.63811579,0,61.53178252,0,0,0,0,7.72338764,169.2124019,0,0,0,0,215.4250685,0,0,0,0,1.340422648,30.76589126,0,0,0,0,15.38294563,NA,NA,NA,NA,NA,NA,NA,NA,NA,NA,NA,NA,NA,NA,NA,NA,NA,NA,NA,NA,NA,NA,NA,NA,NA,NA,NA,NA,NA,NA,NA,NA,NA,NA,NA,NA,NA,NA,NA,NA,NA,NA,NA,NA
0,0,0,0,0,257.3810952,0,4.755308918,0,4.755308918,0,0,753.7164635,0,0,0,84.40673329,0,0,0,0,0,468.1007216,18.72402886,0,0,23.47933778,219.9330374,0,0,0,0,7.430170184,201.2090086,0,0,0,0,42.20336665,NA,NA,NA,NA,NA,NA,NA,NA,NA,NA,NA,NA,NA,NA,NA,NA,NA,NA,NA,NA,NA,NA,NA,NA,NA,NA,NA,NA,NA,NA,NA,NA,NA,NA,NA,NA,NA,NA,NA,NA,NA,NA,NA,NA
0,0,0,0,0,222.4021402,0,11.12010701,0,0,0,0,878.4884539,244.6423542,0,0,61.45322296,0,0,0,0,0,856.2482399,16.97279491,0,0,5.852687901,0,0,0,0,0,4.09688153,183.7744001,0,0,0,0,222.4021402,NA,NA,NA,NA,NA,NA,NA,NA,NA,NA,NA,NA,NA,NA,NA,NA,NA,NA,NA,NA,NA,NA,NA,NA,NA,NA,NA,NA,NA,NA,NA,NA,NA,NA,NA,NA,NA,NA,NA,NA,NA,NA,NA,NA
0,6.225131675,0,0,0,84.03927762,0,0,0,0,0,9.337697513,401.5209931,127.6151993,0,0,24.9005267,0,0,0,0,0,703.4398793,6.225131675,0,0,3.112565838,0,0,0,0,0,1.729203243,18.67539503,0,0,0,0,96.48954097,NA,NA,NA,NA,NA,NA,NA,NA,NA,NA,NA,NA,NA,NA,NA,NA,NA,NA,NA,NA,NA,NA,NA,NA,NA,NA,NA,NA,NA,NA,NA,NA,NA,NA,NA,NA,NA,NA,NA,NA,NA,NA,NA,NA
0,0,0,0,0,826.3402635,0,95.34695348,0,0,0,0,4237.642377,423.7642377,0,0,0,0,0,0,0,0,444.9524496,10.59410594,0,0,0,42.37642377,0,0,0,317.8231783,3.370851891,0,0,0,0,0,10.59410594,NA,NA,NA,NA,NA,NA,NA,NA,NA,NA,NA,NA,NA,NA,NA,NA,NA,NA,NA,NA,NA,NA,NA,NA,NA,NA,NA,NA,NA,NA,NA,NA,NA,NA,NA,NA,NA,NA,NA,NA,NA,NA,NA,NA
0,0,23.14104248,0,0,293.1198714,0,15.42736165,0,0,53.99576578,0,2321.817928,401.1114029,46.28208495,0,84.85048908,0,0,0,0,38.56840413,107.9915316,23.14104248,0,0,0,69.42312743,0,0,0,0,3.681529485,92.5641699,0,0,0,0,38.56840413,NA,NA,NA,NA,NA,NA,NA,NA,NA,NA,NA,NA,NA,NA,NA,NA,NA,NA,NA,NA,NA,NA,NA,NA,NA,NA,NA,NA,NA,NA,NA,NA,NA,NA,NA,NA,NA,NA,NA,NA,NA,NA,NA,NA
14.06778888,0,140.4302165,0,0,631.9607413,0,28.08604329,0,0,294.9282218,0,4830.799446,280.8604329,84.30766435,0,126.4119621,0,0,0,0,28.08604329,28.08604329,28.08604329,0,0,0,407.272395,0,0,0,0,1.88230978,28.08604329,0,0,0,0,56.17208659,NA,NA,NA,NA,NA,NA,NA,NA,NA,NA,NA,NA,NA,NA,NA,NA,NA,NA,NA,NA,NA,NA,NA,NA,NA,NA,NA,NA,NA,NA,NA,NA,NA,NA,NA,NA,NA,NA,NA,NA,NA,NA,NA,NA
0,68.00091752,0,0,0,2822.038077,0,0,0,0,578.0077989,0,8738.117901,374.0050464,102.0013763,0,0,0,0,0,0,34.00045876,0,102.0013763,0,0,0,510.0068814,0,748.0100927,0,0,0.713296338,0,0,0,0,0,3672.049546,NA,NA,NA,NA,NA,NA,NA,NA,NA,NA,NA,NA,NA,NA,NA,NA,NA,NA,NA,NA,NA,NA,NA,NA,NA,NA,NA,NA,NA,NA,NA,NA,NA,NA,NA,NA,NA,NA,NA,NA,NA,NA,NA,NA
14.76275007,14.76275007,0,0,14.76275007,1515.736974,0,44.1936172,0,0,147.2489687,0,4620.64614,88.29260139,14.76275007,0,29.43086713,0,0,0,0,29.43086713,0,29.43086713,0,0,0,235.5415701,0,132.4862186,0,0,1.419495199,0,0,0,0,0,279.6405543,NA,NA,NA,NA,NA,NA,NA,NA,NA,NA,NA,NA,NA,NA,NA,NA,NA,NA,NA,NA,NA,NA,NA,NA,NA,NA,NA,NA,NA,NA,NA,NA,NA,NA,NA,NA,NA,NA,NA,NA,NA,NA,NA,NA
8.2534672,24.70574288,8.2534672,0,24.70574288,756.8046812,0,41.15801856,0,0,213.9342425,0,2508.99937,345.552448,123.4193969,0,24.70574288,0,0,0,0,115.1659297,16.45227568,32.95921008,0,0,8.2534672,123.4193969,0,0,0,0,0.765222125,8.2534672,0,0,0,0,106.9671213,NA,NA,NA,NA,NA,NA,NA,NA,NA,NA,NA,NA,NA,NA,NA,NA,NA,NA,NA,NA,NA,NA,NA,NA,NA,NA,NA,NA,NA,NA,NA,NA,NA,NA,NA,NA,NA,NA,NA,NA,NA,NA,NA,NA
0,442.4435323,0,0,10.86927753,2308.922263,0,0,0,0,32.44799027,0,334.5499686,10.86927753,0,0,0,0,302.1019783,0,0,0,86.31485095,0,0,0,0,10.86927753,0,21.57871274,32.44799027,0,1.918107799,0,0,0,0,0,1510.509892,NA,NA,NA,NA,NA,NA,NA,NA,NA,NA,NA,NA,NA,NA,NA,NA,NA,NA,NA,NA,NA,NA,NA,NA,NA,NA,NA,NA,NA,NA,NA,NA,NA,NA,NA,NA,NA,NA,NA,NA,NA,NA,NA,NA
0,301.6701236,0,0,18.85438273,2639.613582,0,37.70876546,0,0,490.2139509,0,546.7770991,18.85438273,0,0,37.70876546,0,18.85438273,0,0,37.70876546,37.70876546,0,0,94.27191364,0,94.27191364,0,1263.243643,56.56314818,0,0.333705889,0,0,0,0,0,4977.55704,NA,NA,NA,NA,NA,NA,NA,NA,NA,NA,NA,NA,NA,NA,NA,NA,NA,NA,NA,NA,NA,NA,NA,NA,NA,NA,NA,NA,NA,NA,NA,NA,NA,NA,NA,NA,NA,NA,NA,NA,NA,NA,NA,NA
27.93404324,335.2085189,14.02136801,0,0,2569.931978,0,14.02136801,0,0,1648.217244,0,1019.646925,41.95541125,0,0,41.95541125,0,0,0,0,69.8894545,14.02136801,167.6042595,0,27.93404324,0,237.493714,0,530.7468216,27.93404324,0,1.195620528,14.02136801,0,0,0,0,3631.425622,NA,NA,NA,NA,NA,NA,NA,NA,NA,NA,NA,NA,NA,NA,NA,NA,NA,NA,NA,NA,NA,NA,NA,NA,NA,NA,NA,NA,NA,NA,NA,NA,NA,NA,NA,NA,NA,NA,NA,NA,NA,NA,NA,NA
0,276.5114402,0,0,0,3145.317632,0,34.56393002,0,0,34.56393002,0,8571.854645,345.6393002,0,0,172.8196501,0,0,0,0,0,1278.865411,829.5343205,0,0,103.6917901,2730.550472,0,0,0,0,23.47738643,0,0,0,0,0,103.6917901,NA,NA,NA,NA,NA,NA,NA,NA,NA,NA,NA,NA,NA,NA,NA,NA,NA,NA,NA,NA,NA,NA,NA,NA,NA,NA,NA,NA,NA,NA,NA,NA,NA,NA,NA,NA,NA,NA,NA,NA,NA,NA,NA,NA
0,288.5762081,0,0,0,682.3115429,0,52.57956334,0,0,13.04299246,0,4331.088683,656.225558,0,0,39.53657089,0,0,0,0,0,131.2451116,459.3578906,0,0,39.12897737,13.04299246,0,0,0,0,20.37967571,0,0,0,13.04299246,0,65.6225558,NA,NA,NA,NA,NA,NA,NA,NA,NA,NA,NA,NA,NA,NA,NA,NA,NA,NA,NA,NA,NA,NA,NA,NA,NA,NA,NA,NA,NA,NA,NA,NA,NA,NA,NA,NA,NA,NA,NA,NA,NA,NA,NA,NA
17.58474876,79.07314179,0,0,0,1141.494751,0,79.07314179,0,0,184.3487238,0,1097.591107,184.4651791,0,0,17.46829347,0,0,0,0,0,35.16949752,324.9102586,0,0,8.734146736,237.1029701,0,0,0,0,5.822764491,0,0,0,0,0,702.4583082,NA,NA,NA,NA,NA,NA,NA,NA,NA,NA,NA,NA,NA,NA,NA,NA,NA,NA,NA,NA,NA,NA,NA,NA,NA,NA,NA,NA,NA,NA,NA,NA,NA,NA,NA,NA,NA,NA,NA,NA,NA,NA,NA,NA
0,308.3736074,0,0,0,456.504736,0,11.64552898,0,5.589853911,40.06061969,0,1164.087077,85.7110933,0,0,34.47076578,0,0,0,0,0,393.6188795,11.17970782,0,0,17.23538289,34.47076578,0,0,5.589853911,0,6.521496229,0,0,0,0,0,251.0776048,NA,NA,NA,NA,NA,NA,NA,NA,NA,NA,NA,NA,NA,NA,NA,NA,NA,NA,NA,NA,NA,NA,NA,NA,NA,NA,NA,NA,NA,NA,NA,NA,NA,NA,NA,NA,NA,NA,NA,NA,NA,NA,NA,NA
0,1660.37294,0,0,0,111.5175855,0,0,0,0,13.04299246,0,279.1200387,186.5147922,0,0,37.17252851,0,0,0,0,0,551.7185811,0,0,0,0,6.52149623,0,0,0,0,5.217196984,0,0,0,0,0,80.86655325,NA,NA,NA,NA,NA,NA,NA,NA,NA,NA,NA,NA,NA,NA,NA,NA,NA,NA,NA,NA,NA,NA,NA,NA,NA,NA,NA,NA,NA,NA,NA,NA,NA,NA,NA,NA,NA,NA,NA,NA,NA,NA,NA,NA
30.51128594,213.1131804,7.686049129,0,0,935.8347091,0,22.82523681,0,0,228.2523681,0,1400.025494,494.4691606,0,0,22.82523681,0,0,0,0,15.13918768,152.0906085,7.686049129,0,0,0,623.9674429,0,0,0,0,7.453138549,0,0,0,0,0,342.3785521,NA,NA,NA,NA,NA,NA,NA,NA,NA,NA,NA,NA,NA,NA,NA,NA,NA,NA,NA,NA,NA,NA,NA,NA,NA,NA,NA,NA,NA,NA,NA,NA,NA,NA,NA,NA,NA,NA,NA,NA,NA,NA,NA,NA
115.5527613,82.53768666,82.53768666,0,0,1997.412017,0,33.01507466,0,0,33.01507466,0,4176.406945,759.3467173,33.01507466,0,16.50753733,0,0,0,0,264.1205973,66.03014933,0,0,0,0,429.1959706,0,0,0,0,8.559463802,0,0,0,0,0,297.135672,NA,NA,NA,NA,NA,NA,NA,NA,NA,NA,NA,NA,NA,NA,NA,NA,NA,NA,NA,NA,NA,NA,NA,NA,NA,NA,NA,NA,NA,NA,NA,NA,NA,NA,NA,NA,NA,NA,NA,NA,NA,NA,NA,NA
0,120.6476803,0,3.260748115,0,482.5907211,0,48.91122173,0,0,55.43271796,3.260748115,720.6253335,117.3869321,0,0,19.56448869,0,0,0,0,0,110.8654359,3.260748115,0,0,6.52149623,78.25795477,0,19.56448869,0,0,5.148549656,0,0,0,0,0,156.5159095,NA,NA,NA,NA,NA,NA,NA,NA,NA,NA,NA,NA,NA,NA,NA,NA,NA,NA,NA,NA,NA,NA,NA,NA,NA,NA,NA,NA,NA,NA,NA,NA,NA,NA,NA,NA,NA,NA,NA,NA,NA,NA,NA,NA
0,60.95090707,0,0,0,1063.505539,0,43.64385938,0,0,183.103548,0,1290.002119,592.7036765,17.55787446,0,26.33681169,0,0,0,0,35.11574893,244.054455,0,0,0,0,235.5263446,0,17.55787446,0,0,12.5413389,0,0,0,0,0,1106.898572,NA,NA,NA,NA,NA,NA,NA,NA,NA,NA,NA,NA,NA,NA,NA,NA,NA,NA,NA,NA,NA,NA,NA,NA,NA,NA,NA,NA,NA,NA,NA,NA,NA,NA,NA,NA,NA,NA,NA,NA,NA,NA,NA,NA
0,157.9980678,0,0,0,401.0720181,0,237.1453174,0,0,12.15369752,0,601.756243,200.6842249,0,0,164.2231323,0,0,0,0,0,437.5331107,18.3787621,0,0,0,6.225064583,0,0,0,0,0.88929494,0,0,0,0,0,1476.822464,NA,NA,NA,NA,NA,NA,NA,NA,NA,NA,NA,NA,NA,NA,NA,NA,NA,NA,NA,NA,NA,NA,NA,NA,NA,NA,NA,NA,NA,NA,NA,NA,NA,NA,NA,NA,NA,NA,NA,NA,NA,NA,NA,NA
117.3869321,352.1607964,0,0,0,2905.326571,0,557.5879277,0,0,381.5075295,0,2787.939638,616.2813938,29.34673304,0,176.0803982,0,0,0,0,146.7336652,528.2411946,0,0,0,0,205.4271313,0,0,0,0,6.52149623,0,0,0,0,0,4196.582824,NA,NA,NA,NA,NA,NA,NA,NA,NA,NA,NA,NA,NA,NA,NA,NA,NA,NA,NA,NA,NA,NA,NA,NA,NA,NA,NA,NA,NA,NA,NA,NA,NA,NA,NA,NA,NA,NA,NA,NA,NA,NA,NA,NA
112.9616311,135.5539574,45.18465245,0,0,2801.448452,0,112.9616311,0,0,112.9616311,0,5512.527599,677.7697868,22.59232623,0,22.59232623,0,0,0,0,203.330936,112.9616311,0,0,0,0,158.1462836,0,0,0,0,8.384780868,0,0,0,0,0,429.2541983,NA,NA,NA,NA,NA,NA,NA,NA,NA,NA,NA,NA,NA,NA,NA,NA,NA,NA,NA,NA,NA,NA,NA,NA,NA,NA,NA,NA,NA,NA,NA,NA,NA,NA,NA,NA,NA,NA,NA,NA,NA,NA,NA,NA
0,117.9303902,0,0,0,1806.182727,0,981.7569116,0,0,39.40070639,2238.231852,2512.94988,864.0982504,0,0,235.8607803,0,0,0,0,0,196.4600739,746.1678603,0,0,157.3310965,0,0,0,0,39.40070639,24.18388185,3416.177108,0,0,353.5194414,0,14449.46181,NA,NA,NA,NA,NA,NA,NA,NA,NA,NA,NA,NA,NA,NA,NA,NA,NA,NA,NA,NA,NA,NA,NA,NA,NA,NA,NA,NA,NA,NA,NA,NA,NA,NA,NA,NA,NA,NA,NA,NA,NA,NA,NA,NA
0,33.13340826,0,0,0,894.602023,0,99.40022478,99.40022478,0,33.13340826,198.8004496,2087.40472,596.4013487,0,0,231.9338578,0,0,0,0,0,497.0011239,298.2006743,0,0,99.40022478,132.533633,0,0,66.26681652,0,7.888906728,2219.938353,0,0,364.4674908,0,9509.28817,NA,NA,NA,NA,NA,NA,NA,NA,NA,NA,NA,NA,NA,NA,NA,NA,NA,NA,NA,NA,NA,NA,NA,NA,NA,NA,NA,NA,NA,NA,NA,NA,NA,NA,NA,NA,NA,NA,NA,NA,NA,NA,NA,NA
0,0,4.347664155,0,0,115.2131001,0,9.78224435,0,2.173832078,16.30374058,0,568.4570883,106.5177718,2.173832078,0,19.5644887,0,0,0,0,0,11.95607643,0,0,0,0,27.17290097,0,0,0,0,6.521496233,4.347664155,0,0,0,0,115.2131001,NA,NA,NA,NA,NA,NA,NA,NA,NA,NA,NA,NA,NA,NA,NA,NA,NA,NA,NA,NA,NA,NA,NA,NA,NA,NA,NA,NA,NA,NA,NA,NA,NA,NA,NA,NA,NA,NA,NA,NA,NA,NA,NA,NA
0,0,0,0,0,3815.075292,0,0,0,0,1467.336651,146.7336651,68671.35526,2494.472306,0,0,293.4673302,0,0,0,0,0,1320.602986,0,0,0,0,10418.09022,0,0,0,0,19.56448868,0,0,0,0,0,1320.602986,NA,NA,NA,NA,NA,NA,NA,NA,NA,NA,NA,NA,NA,NA,NA,NA,NA,NA,NA,NA,NA,NA,NA,NA,NA,NA,NA,NA,NA,NA,NA,NA,NA,NA,NA,NA,NA,NA,NA,NA,NA,NA,NA,NA
19.86092034,0,79.44368135,0,0,1112.211539,0,59.58276101,0,0,258.1919644,0,6653.408313,595.8276101,39.72184067,0,39.72184067,0,0,0,0,99.30460168,933.4632558,0,0,0,39.72184067,575.9666898,0,29.93959633,0,0,3.853611409,59.58276101,0,0,0,0,218.4701237,NA,NA,NA,NA,NA,NA,NA,NA,NA,NA,NA,NA,NA,NA,NA,NA,NA,NA,NA,NA,NA,NA,NA,NA,NA,NA,NA,NA,NA,NA,NA,NA,NA,NA,NA,NA,NA,NA,NA,NA,NA,NA,NA,NA
76.20226573,0,304.8090629,0,0,5029.349538,0,762.0226573,0,0,609.6181259,0,17374.11659,5029.349538,304.8090629,0,304.8090629,0,0,0,0,228.6067972,152.4045315,0,0,0,0,2819.483832,0,0,0,0,0,0,0,0,0,0,0,NA,NA,NA,NA,NA,NA,NA,NA,NA,NA,NA,NA,NA,NA,NA,NA,NA,NA,NA,NA,NA,NA,NA,NA,NA,NA,NA,NA,NA,NA,NA,NA,NA,NA,NA,NA,NA,NA,NA,NA,NA,NA,NA,NA
0,0,0,0,0,26.08598492,0,0,0,0,0,0,4070.065797,721.2774831,0,0,180.6454456,0,0,0,0,0,257.5991011,26.08598492,1.304299246,0,0,0,0,0,103.0396404,77.60580514,3.260748115,0,0,0,0,0,7032.781535,NA,NA,NA,NA,NA,NA,NA,NA,NA,NA,NA,NA,NA,NA,NA,NA,NA,NA,NA,NA,NA,NA,NA,NA,NA,NA,NA,NA,NA,NA,NA,NA,NA,NA,NA,NA,NA,NA,NA,NA,NA,NA,NA,NA
0,0,0,0,0,252.0092471,0,42.85554665,0,0,10.71388666,0,1216.259047,787.7035802,0,0,123.4426072,0,0,0,0,0,466.2869804,5.589853911,0,0,0,27.01762723,0,0,0,0,2.794926955,0,0,0,0,0,64.28331997,NA,NA,NA,NA,NA,NA,NA,NA,NA,NA,NA,NA,NA,NA,NA,NA,NA,NA,NA,NA,NA,NA,NA,NA,NA,NA,NA,NA,NA,NA,NA,NA,NA,NA,NA,NA,NA,NA,NA,NA,NA,NA,NA,NA
0,0,46.6694574,0,0,2846.836901,0,0,0,0,443.4617436,0,6300.376748,1330.181434,23.43662708,0,93.54271155,0,0,0,0,210.1144567,93.33891479,23.43662708,0,0,0,1376.850892,0,0,0,0,5.910105958,0,0,0,0,0,116.7755419,NA,NA,NA,NA,NA,NA,NA,NA,NA,NA,NA,NA,NA,NA,NA,NA,NA,NA,NA,NA,NA,NA,NA,NA,NA,NA,NA,NA,NA,NA,NA,NA,NA,NA,NA,NA,NA,NA,NA,NA,NA,NA,NA,NA
0,0,85.28667845,0,0,868.3734533,0,31.01333762,0,0,93.04001286,7.753334405,2170.933633,519.4734051,54.27334083,0,23.26000321,0,0,0,0,54.27334083,69.78000964,7.753334405,0,0,0,348.9000482,0,0,0,0,2.173832076,0,0,0,0,0,23.26000321,NA,NA,NA,NA,NA,NA,NA,NA,NA,NA,NA,NA,NA,NA,NA,NA,NA,NA,NA,NA,NA,NA,NA,NA,NA,NA,NA,NA,NA,NA,NA,NA,NA,NA,NA,NA,NA,NA,NA,NA,NA,NA,NA,NA
0,0,0,0,0,306.5103228,0,54.96689679,0,0,11.17970782,11.17970782,2583.444149,394.5505219,11.17970782,0,11.17970782,0,0,0,0,0,810.0629959,0,0,0,0,33.0733023,0,0,0,0,4.658211592,0,0,0,0,0,700.5950235,NA,NA,NA,NA,NA,NA,NA,NA,NA,NA,NA,NA,NA,NA,NA,NA,NA,NA,NA,NA,NA,NA,NA,NA,NA,NA,NA,NA,NA,NA,NA,NA,NA,NA,NA,NA,NA,NA,NA,NA,NA,NA,NA,NA
13.24678922,0,26.49357843,0,0,900.7816668,0,52.98715687,0,0,278.1825736,0,5351.702844,476.8844118,0,0,172.2082598,0,0,0,0,66.23394609,1072.989927,13.24678922,0,0,0,211.9486275,0,0,0,0,7.540480016,0,0,0,0,0,450.3908334,NA,NA,NA,NA,NA,NA,NA,NA,NA,NA,NA,NA,NA,NA,NA,NA,NA,NA,NA,NA,NA,NA,NA,NA,NA,NA,NA,NA,NA,NA,NA,NA,NA,NA,NA,NA,NA,NA,NA,NA,NA,NA,NA,NA
51.0850538,0,17.1189276,0,0,1613.526859,0,119.0173062,0,0,475.7974957,0,7557.598943,1647.492985,17.1189276,0,169.830631,0,0,0,0,119.0173062,1070.06884,51.0850538,0,0,0,611.6620005,0,0,0,0,2.989019105,0,0,0,0,0,203.7967572,NA,NA,NA,NA,NA,NA,NA,NA,NA,NA,NA,NA,NA,NA,NA,NA,NA,NA,NA,NA,NA,NA,NA,NA,NA,NA,NA,NA,NA,NA,NA,NA,NA,NA,NA,NA,NA,NA,NA,NA,NA,NA,NA,NA
0,332.5963077,0,0,0,720.6253334,0,0,0,0,0,0,4268.319282,1145.609504,0,0,0,0,0,0,0,0,129.3430086,739.102906,0,0,0,498.8944616,0,0,18.47757265,0,23.91215284,0,0,0,0,0,221.7308718,NA,NA,NA,NA,NA,NA,NA,NA,NA,NA,NA,NA,NA,NA,NA,NA,NA,NA,NA,NA,NA,NA,NA,NA,NA,NA,NA,NA,NA,NA,NA,NA,NA,NA,NA,NA,NA,NA,NA,NA,NA,NA,NA,NA
0,901.7450696,0,0,0,6161.924642,0,0,0,0,225.5844832,0,24422.41052,526.1661731,75.29363829,0,0,0,0,0,0,0,150.2908449,676.457018,0,75.29363829,75.29363829,3982.855607,0,0,0,0,34.08963938,0,0,0,0,0,1052.035915,NA,NA,NA,NA,NA,NA,NA,NA,NA,NA,NA,NA,NA,NA,NA,NA,NA,NA,NA,NA,NA,NA,NA,NA,NA,NA,NA,NA,NA,NA,NA,NA,NA,NA,NA,NA,NA,NA,NA,NA,NA,NA,NA,NA
85.18704449,1448.179756,127.9843635,0,0,6602.199744,0,85.18704449,0,0,809.4807194,0,15546.83942,425.9352224,255.5611335,0,42.797319,0,0,0,0,42.797319,170.374089,213.171408,0,0,0,1874.114979,0,0,0,0,24.04801734,0,0,0,0,0,937.0574894,NA,NA,NA,NA,NA,NA,NA,NA,NA,NA,NA,NA,NA,NA,NA,NA,NA,NA,NA,NA,NA,NA,NA,NA,NA,NA,NA,NA,NA,NA,NA,NA,NA,NA,NA,NA,NA,NA,NA,NA,NA,NA,NA,NA
0,488.4600676,0,0,0,130.4299246,0,2.608598492,0,0,11.73869321,0,141.5164682,20.86878794,2.608598492,0,2.608598492,0,0,0,0,0,68.47571042,4.565047361,0,18.26018944,2.608598492,7.173645853,0,0,4.565047361,0,14.99944133,0,0,0,0,0,249.121156,NA,NA,NA,NA,NA,NA,NA,NA,NA,NA,NA,NA,NA,NA,NA,NA,NA,NA,NA,NA,NA,NA,NA,NA,NA,NA,NA,NA,NA,NA,NA,NA,NA,NA,NA,NA,NA,NA,NA,NA,NA,NA,NA,NA
0,2016.229251,0,0,0,2377.628834,0,0,0,0,76.08412268,0,4926.446943,304.3364907,19.02103067,0,19.02103067,0,0,0,0,0,152.1682454,209.2313374,0,19.02103067,0,532.5888587,0,228.252368,0,0,19.02103067,0,0,0,0,0,760.8412268,NA,NA,NA,NA,NA,NA,NA,NA,NA,NA,NA,NA,NA,NA,NA,NA,NA,NA,NA,NA,NA,NA,NA,NA,NA,NA,NA,NA,NA,NA,NA,NA,NA,NA,NA,NA,NA,NA,NA,NA,NA,NA,NA,NA
0,1582.394478,36.79987159,0,0,2042.392873,0,55.19980738,0,0,275.9990369,0,2226.392231,367.9987159,18.39993579,0,18.39993579,0,0,0,0,18.39993579,331.1988443,275.9990369,0,18.39993579,0,165.5994221,0,754.3973675,0,0,9.316423186,0,0,0,0,0,1619.19435,NA,NA,NA,NA,NA,NA,NA,NA,NA,NA,NA,NA,NA,NA,NA,NA,NA,NA,NA,NA,NA,NA,NA,NA,NA,NA,NA,NA,NA,NA,NA,NA,NA,NA,NA,NA,NA,NA,NA,NA,NA,NA,NA,NA
65.2149623,880.4019911,0,0,0,3619.430408,0,97.82244345,0,0,456.5047361,0,4141.150106,978.2244345,32.60748115,0,163.0374058,0,0,0,0,0,228.2523681,293.4673304,0,0,0,749.9720665,0,358.6822927,0,0,6.847571042,0,0,0,0,0,3489.000483,NA,NA,NA,NA,NA,NA,NA,NA,NA,NA,NA,NA,NA,NA,NA,NA,NA,NA,NA,NA,NA,NA,NA,NA,NA,NA,NA,NA,NA,NA,NA,NA,NA,NA,NA,NA,NA,NA,NA,NA,NA,NA,NA,NA
0,0,0,0,0,39.781127,0,0,0,0,0,0,391.2897738,151.9508622,0,0,7.825795476,0,0,0,0,0,407.5935144,0,0,0,0,7.825795476,0,0,24.12953605,7.825795476,0,0,0,0,0,0,2740.332716,NA,NA,NA,NA,NA,NA,NA,NA,NA,NA,NA,NA,NA,NA,NA,NA,NA,NA,NA,NA,NA,NA,NA,NA,NA,NA,NA,NA,NA,NA,NA,NA,NA,NA,NA,NA,NA,NA,NA,NA,NA,NA,NA,NA
NA,NA,NA,NA,NA,NA,NA,NA,NA,NA,NA,NA,NA,NA,NA,NA,NA,NA,NA,NA,NA,NA,NA,NA,NA,NA,NA,NA,NA,NA,NA,NA,NA,NA,NA,NA,NA,NA,NA,0,0,205.8618977,16003.31698,0,0,51.51982022,0,4219.625444,0,0,102.8222572,1543.638158,3704.862008,1749.500055,0,0,0,0,668.88813,0,0,0,0,0,0,0,51.51982022,0,308.6841549,566.0658728,0,0,102.8222572,0,102.8222572,0,102.8222572,0,3190.315956,51.51982022,0,0,0
NA,NA,NA,NA,NA,NA,NA,NA,NA,NA,NA,NA,NA,NA,NA,NA,NA,NA,NA,NA,NA,NA,NA,NA,NA,NA,NA,NA,NA,NA,NA,NA,NA,NA,NA,NA,NA,NA,NA,0,0,0,10156.02269,0,0,0,0,2758.351369,0,125.2972655,376.1937177,63820.08672,125.2972655,1253.878419,0,125.2972655,0,0,1253.878419,0,0,0,0,0,0,0,0,0,3134.545086,125.2972655,0,0,125.2972655,0,0,0,0,0,4513.720771,0,0,0,0
NA,NA,NA,NA,NA,NA,NA,NA,NA,NA,NA,NA,NA,NA,NA,NA,NA,NA,NA,NA,NA,NA,NA,NA,NA,NA,NA,NA,NA,NA,NA,NA,NA,NA,NA,NA,NA,NA,NA,0,0,0,11392.69161,0,0,0,0,4691.129622,0,335.1324452,1507.914851,49927.12592,167.3850699,2680.697256,0,0,0,0,2512.949881,0,0,0,0,0,0,0,0,0,6031.297097,1005.397336,0,0,335.1324452,0,0,0,0,0,2680.697256,0,0,0,0
NA,NA,NA,NA,NA,NA,NA,NA,NA,NA,NA,NA,NA,NA,NA,NA,NA,NA,NA,NA,NA,NA,NA,NA,NA,NA,NA,NA,NA,NA,NA,NA,NA,NA,NA,NA,NA,NA,NA,0,0,0,2617.157956,0,0,0,0,1144.930182,0,32.81127791,196.2562772,4220.223248,163.648796,654.1875906,0,0,0,0,1962.766568,0,0,0,0,0,0,0,0,0,5430.572189,130.8375181,0,0,0,0,0,0,0,0,2977.063029,0,0,0,0
NA,NA,NA,NA,NA,NA,NA,NA,NA,NA,NA,NA,NA,NA,NA,NA,NA,NA,NA,NA,NA,NA,NA,NA,NA,NA,NA,NA,NA,NA,NA,NA,NA,NA,NA,NA,NA,NA,NA,0,0,0,5164.792103,0,0,0,0,258.2978328,0,0,0,5003.501527,32.25811528,225.9232622,0,0,0,0,1000.700305,0,0,0,0,0,0,0,0,0,903.8095043,64.51623056,0,0,0,0,0,0,0,0,1355.772484,0,0,0,0
NA,NA,NA,NA,NA,NA,NA,NA,NA,NA,NA,NA,NA,NA,NA,NA,NA,NA,NA,NA,NA,NA,NA,NA,NA,NA,NA,NA,NA,NA,NA,NA,NA,NA,NA,NA,NA,NA,NA,0,0,0,3535.366731,0,0,0,0,0,0,0,9.225531253,36.82259457,0,82.87072039,0,0,0,0,9.225531253,0,0,0,0,0,0,0,0,0,386.6770082,0,0,0,0,0,0,0,0,0,64.41965789,0,0,0,0
NA,NA,NA,NA,NA,NA,NA,NA,NA,NA,NA,NA,NA,NA,NA,NA,NA,NA,NA,NA,NA,NA,NA,NA,NA,NA,NA,NA,NA,NA,NA,NA,NA,NA,NA,NA,NA,NA,NA,0,0,0,7251.903808,0,0,0,0,97.17029383,0,0,0,2910.543768,24.12953605,169.558902,0,24.12953605,0,0,169.558902,0,0,0,0,0,0,0,169.558902,0,4414.400798,48.2590721,0,0,48.2590721,0,0,0,0,0,461.0697835,0,0,0,0
NA,NA,NA,NA,NA,NA,NA,NA,NA,NA,NA,NA,NA,NA,NA,NA,NA,NA,NA,NA,NA,NA,NA,NA,NA,NA,NA,NA,NA,NA,NA,NA,NA,NA,NA,NA,NA,NA,NA,0,0,0,4254.406757,0,0,0,0,39.781127,0,39.781127,79.56225401,14472.72182,0,119.343381,0,39.781127,0,0,79.56225401,0,0,0,0,0,0,0,0,0,5049.594531,0,0,0,0,0,0,0,0,0,238.4693788,0,0,0,0
NA,NA,NA,NA,NA,NA,NA,NA,NA,NA,NA,NA,NA,NA,NA,NA,NA,NA,NA,NA,NA,NA,NA,NA,NA,NA,NA,NA,NA,NA,NA,NA,NA,NA,NA,NA,NA,NA,NA,0,0,0,4925.360027,0,0,0,0,52.85129236,0,66.03014932,0,409.3597529,0,13.17885696,0,0,0,0,52.85129236,0,0,0,0,0,0,0,0,0,211.2693049,0,0,0,0,0,0,0,0,0,158.4180126,0,0,0,0
NA,NA,NA,NA,NA,NA,NA,NA,NA,NA,NA,NA,NA,NA,NA,NA,NA,NA,NA,NA,NA,NA,NA,NA,NA,NA,NA,NA,NA,NA,NA,NA,NA,NA,NA,NA,NA,NA,NA,0,0,0,2949.34667,0,0,0,0,0,0,0,0,0,0,0,0,0,0,0,0,0,0,0,0,0,0,0,0,0,88.04019911,0,0,0,0,0,0,0,0,0,25.1543426,0,0,0,0
NA,NA,NA,NA,NA,NA,NA,NA,NA,NA,NA,NA,NA,NA,NA,NA,NA,NA,NA,NA,NA,NA,NA,NA,NA,NA,NA,NA,NA,NA,NA,NA,NA,NA,NA,NA,NA,NA,NA,0,0,0,11788.69136,0,0,0,0,99.99627557,0,0,49.99813779,19299.28119,49.99813779,298.9019107,0,49.99813779,49.99813779,0,0,0,0,0,0,0,0,49.99813779,49.99813779,0,248.9037729,49.99813779,0,0,0,0,0,0,0,0,49.99813779,0,0,0,0
NA,NA,NA,NA,NA,NA,NA,NA,NA,NA,NA,NA,NA,NA,NA,NA,NA,NA,NA,NA,NA,NA,NA,NA,NA,NA,NA,NA,NA,NA,NA,NA,NA,NA,NA,NA,NA,NA,NA,0,0,0,13127.17905,0,0,0,63.13994077,63.13994077,0,0,0,18113.15935,0,0,0,0,0,0,0,0,0,0,0,0,0,0,0,0,0,0,0,0,0,0,0,0,0,0,189.4198223,0,0,0,0
NA,NA,NA,NA,NA,NA,NA,NA,NA,NA,NA,NA,NA,NA,NA,NA,NA,NA,NA,NA,NA,NA,NA,NA,NA,NA,NA,NA,NA,NA,NA,NA,NA,NA,NA,NA,NA,NA,NA,0,0,0,4861.77544,0,0,0,0,0,0,0,45.25918384,4106.847036,0,30.25974251,0,0,0,0,0,0,0,0,0,0,0,0,0,0,75.51892635,0,0,0,0,0,0,0,0,0,30.25974251,0,0,0,0
NA,NA,NA,NA,NA,NA,NA,NA,NA,NA,NA,NA,NA,NA,NA,NA,NA,NA,NA,NA,NA,NA,NA,NA,NA,NA,NA,NA,NA,NA,NA,NA,NA,NA,NA,NA,NA,NA,NA,0,0,0,2352.733832,0,0,0,0,0,0,0,7.770293383,253.5751992,0,3.885146691,0,0,0,0,0,0,0,0,0,0,0,0,0,0,85.82011531,0,0,0,0,0,0,0,0,0,27.33478208,0,0,0,0
NA,NA,NA,NA,NA,NA,NA,NA,NA,NA,NA,NA,NA,NA,NA,NA,NA,NA,NA,NA,NA,NA,NA,NA,NA,NA,NA,NA,NA,NA,NA,NA,NA,NA,NA,NA,NA,NA,NA,0,0,0,14977.09479,0,0,0,0,5255.375342,0,2364.804441,0,43880.51455,1050.769834,11298.25575,0,262.5016869,0,0,1839.037981,0,0,0,0,0,0,0,0,0,23385.54272,262.5016869,0,0,0,0,0,0,0,0,2102.302754,0,0,262.5016869,0
NA,NA,NA,NA,NA,NA,NA,NA,NA,NA,NA,NA,NA,NA,NA,NA,NA,NA,NA,NA,NA,NA,NA,NA,NA,NA,NA,NA,NA,NA,NA,NA,NA,NA,NA,NA,NA,NA,NA,0,0,0,6894.372367,0,0,0,0,0,0,130.0463072,0,40325.86375,0,130.0463072,0,0,0,0,0,0,0,0,0,0,0,0,0,0,4552.771603,0,0,0,0,0,0,0,0,0,650.2315358,0,0,0,0
NA,NA,NA,NA,NA,NA,NA,NA,NA,NA,NA,NA,NA,NA,NA,NA,NA,NA,NA,NA,NA,NA,NA,NA,NA,NA,NA,NA,NA,NA,NA,NA,NA,NA,NA,NA,NA,NA,NA,0,0,0,3236.835964,0,0,0,0,24.99906889,0,0,0,14713.58242,0,99.99627557,0,0,0,0,0,0,0,0,0,0,0,0,0,0,99.99627557,0,0,0,0,173.9065662,0,0,0,0,24.99906889,0,0,0,0
NA,NA,NA,NA,NA,NA,NA,NA,NA,NA,NA,NA,NA,NA,NA,NA,NA,NA,NA,NA,NA,NA,NA,NA,NA,NA,NA,NA,NA,NA,NA,NA,NA,NA,NA,NA,NA,NA,NA,0,0,0,12460.22807,0,0,0,0,0,0,0,0,57687.10434,0,0,0,0,0,0,0,0,0,0,0,0,0,0,0,0,615.4637861,153.7272036,0,0,0,0,0,0,0,0,0,0,0,0,0
NA,NA,NA,NA,NA,NA,NA,NA,NA,NA,NA,NA,NA,NA,NA,NA,NA,NA,NA,NA,NA,NA,NA,NA,NA,NA,NA,NA,NA,NA,NA,NA,NA,NA,NA,NA,NA,NA,NA,0,0,0,16775.45738,0,0,0,0,0,0,0,35.93267131,1871.976263,0,0,0,0,0,72.09716631,0,0,0,0,0,0,0,0,0,0,179.8951802,0,0,0,0,0,0,0,0,0,0,0,35.93267131,0,0
NA,NA,NA,NA,NA,NA,NA,NA,NA,NA,NA,NA,NA,NA,NA,NA,NA,NA,NA,NA,NA,NA,NA,NA,NA,NA,NA,NA,NA,NA,NA,NA,NA,NA,NA,NA,NA,NA,NA,0,0,0,7399.902207,0,0,0,0,0,0,0,0,32.30398667,0,96.65759792,0,0,0,0,0,0,0,0,0,0,0,0,0,0,48.32879896,0,0,0,0,0,0,0,0,0,0,0,0,0,0
NA,NA,NA,NA,NA,NA,NA,NA,NA,NA,NA,NA,NA,NA,NA,NA,NA,NA,NA,NA,NA,NA,NA,NA,NA,NA,NA,NA,NA,NA,NA,NA,NA,NA,NA,NA,NA,NA,NA,0,0,0,1005.614719,0,0,0,0,0,0,24.12953605,24.12953605,10630.691,0,71.73645853,0,24.12953605,0,0,0,0,0,0,0,0,0,0,0,0,2298.827421,0,0,0,0,215.2093756,0,0,0,0,95.86599458,0,0,0,0
NA,NA,NA,NA,NA,NA,NA,NA,NA,NA,NA,NA,NA,NA,NA,NA,NA,NA,NA,NA,NA,NA,NA,NA,NA,NA,NA,NA,NA,NA,NA,NA,NA,NA,NA,NA,NA,NA,NA,0,0,0,2985.363115,0,0,0,0,0,0,0,0,894.0378468,0,0,0,0,0,0,0,0,0,0,0,0,0,0,0,0,40.90756726,0,0,0,0,0,0,0,0,0,8.300086111,0,0,0,0
NA,NA,NA,NA,NA,NA,NA,NA,NA,NA,NA,NA,NA,NA,NA,NA,NA,NA,NA,NA,NA,NA,NA,NA,NA,NA,NA,NA,NA,NA,NA,NA,NA,NA,NA,NA,NA,NA,NA,0,0,0,2775.595378,0,0,0,0,0,0,0,0,6075.588925,0,0,0,0,0,0,0,0,0,0,0,0,0,0,0,0,0,0,0,0,0,0,0,0,0,0,109.2350618,0,0,0,0
NA,NA,NA,NA,NA,NA,NA,NA,NA,NA,NA,NA,NA,NA,NA,NA,NA,NA,NA,NA,NA,NA,NA,NA,NA,NA,NA,NA,NA,NA,NA,NA,NA,NA,NA,NA,NA,NA,NA,0,0,0,1819.754876,0,0,0,0,0,0,0,0,572.5187219,0,10.21129015,0,0,0,0,0,0,0,0,0,0,0,0,0,0,61.35355008,0,0,0,0,0,0,0,0,0,0,0,0,0,0
NA,NA,NA,NA,NA,NA,NA,NA,NA,NA,NA,NA,NA,NA,NA,NA,NA,NA,NA,NA,NA,NA,NA,NA,NA,NA,NA,NA,NA,NA,NA,NA,NA,NA,NA,NA,NA,NA,NA,0,0,0,1918.950265,0,0,0,0,0,0,0,0,5557.537567,0,0,0,0,0,0,0,0,0,0,0,0,0,0,0,0,46.05806711,0,0,0,0,0,0,0,0,0,0,0,0,0,0
NA,NA,NA,NA,NA,NA,NA,NA,NA,NA,NA,NA,NA,NA,NA,NA,NA,NA,NA,NA,NA,NA,NA,NA,NA,NA,NA,NA,NA,NA,NA,NA,NA,NA,NA,NA,NA,NA,NA,0,0,0,2125.225192,0,0,0,0,0,0,7.173645853,0,2972.497982,0,7.173645853,0,0,0,0,0,0,0,0,0,0,0,0,0,0,71.73645853,0,0,0,0,0,0,0,0,0,0,0,0,0,0
NA,NA,NA,NA,NA,NA,NA,NA,NA,NA,NA,NA,NA,NA,NA,NA,NA,NA,NA,NA,NA,NA,NA,NA,NA,NA,NA,NA,NA,NA,NA,NA,NA,NA,NA,NA,NA,NA,NA,0,0,0,2914.553795,0,0,0,0,0,0,0,19.49511108,11.72481769,0,7.770293383,0,3.885146691,0,0,7.770293383,0,0,0,0,0,0,0,0,0,89.705262,0,0,0,0,0,0,0,0,0,27.33478208,0,0,0,0
NA,NA,NA,NA,NA,NA,NA,NA,NA,NA,NA,NA,NA,NA,NA,NA,NA,NA,NA,NA,NA,NA,NA,NA,NA,NA,NA,NA,NA,NA,NA,NA,NA,NA,NA,NA,NA,NA,NA,7.988832882,0,0,936.4868587,0,0,0,0,39.94416441,0,15.97766576,23.96649865,1208.596289,15.97766576,0,0,0,0,0,72.06253334,0,0,0,0,0,0,0,15.97766576,0,752.4176276,0,0,0,7.988832882,0,0,0,0,0,128.1474009,0,0,0,0
NA,NA,NA,NA,NA,NA,NA,NA,NA,NA,NA,NA,NA,NA,NA,NA,NA,NA,NA,NA,NA,NA,NA,NA,NA,NA,NA,NA,NA,NA,NA,NA,NA,NA,NA,NA,NA,NA,NA,0,0,0,7604.064604,0,0,0,0,106.5612484,0,35.47693949,177.6455573,7070.997503,0,71.08430891,0,0,0,0,568.5440414,0,0,0,0,0,0,0,0,0,1172.565022,0,0,0,106.5612484,0,0,0,0,0,319.8141751,0,0,0,0
NA,NA,NA,NA,NA,NA,NA,NA,NA,NA,NA,NA,NA,NA,NA,NA,NA,NA,NA,NA,NA,NA,NA,NA,NA,NA,NA,NA,NA,NA,NA,NA,NA,NA,NA,NA,NA,NA,NA,0,0,0,3558.141653,0,0,0,0,125.771713,0,17.96738757,17.96738757,1581.39629,0,53.90216272,0,0,0,0,377.3816849,0,0,0,0,0,0,0,0,0,988.4059542,0,0,0,0,0,0,0,0,0,161.7064882,0,0,0,0
NA,NA,NA,NA,NA,NA,NA,NA,NA,NA,NA,NA,NA,NA,NA,NA,NA,NA,NA,NA,NA,NA,NA,NA,NA,NA,NA,NA,NA,NA,NA,NA,NA,NA,NA,NA,NA,NA,NA,0,0,0,9644.206013,0,0,0,0,2485.776981,0,0,496.7206298,3480.305156,297.8149946,1889.060076,0,0,0,0,397.8112702,98.90935953,0,0,0,0,0,0,795.6225404,0,22669.80782,98.90935953,0,0,397.8112702,0,397.8112702,0,0,98.90935953,6561.712126,0,0,0,0
NA,NA,NA,NA,NA,NA,NA,NA,NA,NA,NA,NA,NA,NA,NA,NA,NA,NA,NA,NA,NA,NA,NA,NA,NA,NA,NA,NA,NA,NA,NA,NA,NA,NA,NA,NA,NA,NA,NA,0,0,0,15425.33169,0,0,0,0,2859.436981,0,86.6866036,780.1794324,2253.241224,606.8062252,4159.736035,0,0,0,0,2859.436981,0,0,0,0,0,0,0,693.4928288,0,13864.97282,1213.001981,0,0,433.433018,0,173.3732072,0,0,0,3812.98962,0,0,0,0
NA,NA,NA,NA,NA,NA,NA,NA,NA,NA,NA,NA,NA,NA,NA,NA,NA,NA,NA,NA,NA,NA,NA,NA,NA,NA,NA,NA,NA,NA,NA,NA,NA,NA,NA,NA,NA,NA,NA,0,0,52.2432978,7902.618106,0,0,0,0,2878.393651,0,52.2432978,418.7175012,1203.716426,209.3587506,4396.148203,0,0,0,0,3140.188479,0,0,0,0,0,0,0,0,0,4605.506954,366.2814237,0,0,470.960799,0,104.6793753,0,104.6793753,52.2432978,3035.509104,0,261.6020484,0,0
NA,NA,NA,NA,NA,NA,NA,NA,NA,NA,NA,NA,NA,NA,NA,NA,NA,NA,NA,NA,NA,NA,NA,NA,NA,NA,NA,NA,NA,NA,NA,NA,NA,NA,NA,NA,NA,NA,NA,0,0,0,9376.455607,0,0,53.54685575,0,1178.728505,0,53.54685575,535.8173969,3000.542539,107.0937115,803.7260954,0,0,0,0,1928.907745,0,0,0,0,0,0,0,160.814987,0,4447.179743,321.4555542,0,0,160.814987,0,160.814987,0,0,0,1393.090348,0,0,0,0
NA,NA,NA,NA,NA,NA,NA,NA,NA,NA,NA,NA,NA,NA,NA,NA,NA,NA,NA,NA,NA,NA,NA,NA,NA,NA,NA,NA,NA,NA,NA,NA,NA,NA,NA,NA,NA,NA,NA,0,0,0,11103.43804,0,0,0,0,5551.71902,0,158.4380112,1586.083746,4441.375216,0,8882.750432,0,0,0,0,3806.771354,0,0,0,0,0,0,0,317.301931,0,39337.77308,317.301931,0,0,475.7399421,0,0,0,0,0,10151.53225,0,0,0,0
NA,NA,NA,NA,NA,NA,NA,NA,NA,NA,NA,NA,NA,NA,NA,NA,NA,NA,NA,NA,NA,NA,NA,NA,NA,NA,NA,NA,NA,NA,NA,NA,NA,NA,NA,NA,NA,NA,NA,0,0,0,10847.92958,0,0,0,0,1239.831043,0,206.6648205,568.2098465,5475.591525,103.2534703,5475.591525,0,0,0,0,5010.635148,0,0,0,0,0,0,0,0,0,1808.04089,309.9182908,0,0,206.6648205,0,0,0,0,0,2686.169027,0,0,0,0
NA,NA,NA,NA,NA,NA,NA,NA,NA,NA,NA,NA,NA,NA,NA,NA,NA,NA,NA,NA,NA,NA,NA,NA,NA,NA,NA,NA,NA,NA,NA,NA,NA,NA,NA,NA,NA,NA,NA,0,0,0,1826.885126,0,0,0,0,68.50819221,0,114.1803204,159.8524485,1004.786819,0,7878.442104,0,0,0,0,4178.999725,0,0,0,0,0,0,0,0,0,114.1803204,0,0,0,662.245858,0,0,0,0,0,296.8688329,0,0,0,0
NA,NA,NA,NA,NA,NA,NA,NA,NA,NA,NA,NA,NA,NA,NA,NA,NA,NA,NA,NA,NA,NA,NA,NA,NA,NA,NA,NA,NA,NA,NA,NA,NA,NA,NA,NA,NA,NA,NA,0,0,0,9120.40745,0,0,79.17313851,0,7851.383194,0,158.628032,1506.825426,1586.28032,634.5121278,11261.745,0,0,0,0,5392.789577,0,79.17313851,0,0,0,0,0,237.8011705,0,10389.14995,555.0572344,0,0,158.628032,0,0,0,0,0,11975.43027,0,79.17313851,0,0
NA,NA,NA,NA,NA,NA,NA,NA,NA,NA,NA,NA,NA,NA,NA,NA,NA,NA,NA,NA,NA,NA,NA,NA,NA,NA,NA,NA,NA,NA,NA,NA,NA,NA,NA,NA,NA,NA,NA,0,0,0,3687.232999,0,0,28.81981745,0,2736.604932,0,57.63963489,259.2363875,576.1124099,172.7769351,2995.841319,0,28.81981745,0,0,1930.075952,0,0,0,0,0,0,0,144.0990872,0,1181.044637,230.41657,0,0,0,0,86.45945234,0,0,0,5156.333841,0,86.45945234,0,0
NA,NA,NA,NA,NA,NA,NA,NA,NA,NA,NA,NA,NA,NA,NA,NA,NA,NA,NA,NA,NA,NA,NA,NA,NA,NA,NA,NA,NA,NA,NA,NA,NA,NA,NA,NA,NA,NA,NA,0,0,0,8503.681103,0,0,0,0,5069.487521,0,327.0587879,327.0587879,1962.352727,81.80285129,6623.131227,0,81.80285129,0,0,7031.992866,0,163.6057026,0,0,0,0,0,408.8616392,0,572.3147245,81.80285129,0,0,81.80285129,0,81.80285129,0,0,0,9811.916255,0,0,0,0
NA,NA,NA,NA,NA,NA,NA,NA,NA,NA,NA,NA,NA,NA,NA,NA,NA,NA,NA,NA,NA,NA,NA,NA,NA,NA,NA,NA,NA,NA,NA,NA,NA,NA,NA,NA,NA,NA,NA,0,0,0,8327.669798,0,0,0,0,65.93065627,0,0,230.2340378,3686.3609,0,131.8613125,0,0,0,0,2336.875483,0,0,0,0,0,0,0,0,0,3192.927497,0,0,0,131.8613125,0,0,0,0,0,131.8613125,0,0,0,0
NA,NA,NA,NA,NA,NA,NA,NA,NA,NA,NA,NA,NA,NA,NA,NA,NA,NA,NA,NA,NA,NA,NA,NA,NA,NA,NA,NA,NA,NA,NA,NA,NA,NA,NA,NA,NA,NA,NA,0,0,0,13261.31533,0,0,0,0,0,0,0,0,9508.135614,50.12272113,0,0,0,0,0,900.7631327,0,0,0,0,0,0,0,0,0,750.6359439,0,0,0,0,0,0,0,0,0,50.12272113,0,0,0,0
NA,NA,NA,NA,NA,NA,NA,NA,NA,NA,NA,NA,NA,NA,NA,NA,NA,NA,NA,NA,NA,NA,NA,NA,NA,NA,NA,NA,NA,NA,NA,NA,NA,NA,NA,NA,NA,NA,NA,0,0,0,7266.459936,0,0,30.6799825,0,0,0,0,46.01997375,1920.316456,0,46.01997375,0,0,0,0,153.556443,0,0,0,0,0,46.01997375,0,0,0,138.2164518,0,0,0,0,0,0,0,0,0,15.33999125,0,0,0,0
NA,NA,NA,NA,NA,NA,NA,NA,NA,NA,NA,NA,NA,NA,NA,NA,NA,NA,NA,NA,NA,NA,NA,NA,NA,NA,NA,NA,NA,NA,NA,NA,NA,NA,NA,NA,NA,NA,NA,0,0,0,9460.734581,0,0,0,0,97.82244345,0,0,163.0374058,3066.407527,65.2149623,97.82244345,0,0,0,0,1435.38132,0,0,0,0,0,0,0,0,0,2316.109386,228.2523681,0,0,97.82244345,0,0,0,0,0,880.7280659,32.60748115,0,0,0
NA,NA,NA,NA,NA,NA,NA,NA,NA,NA,NA,NA,NA,NA,NA,NA,NA,NA,NA,NA,NA,NA,NA,NA,NA,NA,NA,NA,NA,NA,NA,NA,NA,NA,NA,NA,NA,NA,NA,0,0,0,8459.709063,0,0,0,0,19.68525714,0,39.37051428,255.7875744,216.4170601,39.37051428,354.0930916,0,0,0,0,944.2885004,0,0,0,0,0,0,0,0,0,1554.169166,59.05577142,0,0,78.74102855,0,0,0,0,0,609.8806659,0,0,0,0
NA,NA,NA,NA,NA,NA,NA,NA,NA,NA,NA,NA,NA,NA,NA,NA,NA,NA,NA,NA,NA,NA,NA,NA,NA,NA,NA,NA,NA,NA,NA,NA,NA,NA,NA,NA,NA,NA,NA,0,0,0,9304.088242,0,0,73.56247748,0,110.3437162,0,36.78123874,147.124955,257.4686712,36.78123874,882.6192998,0,0,0,0,1654.894883,0,0,0,0,0,0,0,183.9061937,0,4743.997218,294.2499099,0,0,73.56247748,0,36.78123874,0,0,0,331.0311486,0,0,0,0
NA,NA,NA,NA,NA,NA,NA,NA,NA,NA,NA,NA,NA,NA,NA,NA,NA,NA,NA,NA,NA,NA,NA,NA,NA,NA,NA,NA,NA,NA,NA,NA,NA,NA,NA,NA,NA,NA,NA,0,0,0,17067.95125,0,0,0,0,1855.062793,0,3710.125586,2597.545762,47492.96509,370.8599414,112796.3644,0,0,0,0,7050.154318,0,0,0,0,0,0,0,0,0,370.8599414,1113.34291,0,0,741.7198828,0,0,0,0,0,2225.922735,0,0,370.8599414,0
NA,NA,NA,NA,NA,NA,NA,NA,NA,NA,NA,NA,NA,NA,NA,NA,NA,NA,NA,NA,NA,NA,NA,NA,NA,NA,NA,NA,NA,NA,NA,NA,NA,NA,NA,NA,NA,NA,NA,0,0,0,14330.98796,0,0,1023.874908,0,3071.081266,0,2661.31392,9007.816667,14330.98796,5732.395186,60190.14945,0,204.8836732,0,409.2238884,5732.395186,0,0,0,0,0,0,0,2456.973704,0,4094.412716,1433.098796,2866.197593,0,0,0,0,0,0,0,1842.322685,409.2238884,409.2238884,0,0
NA,NA,NA,NA,NA,NA,NA,NA,NA,NA,NA,NA,NA,NA,NA,NA,NA,NA,NA,NA,NA,NA,NA,NA,NA,NA,NA,NA,NA,NA,NA,NA,NA,NA,NA,NA,NA,NA,NA,0,0,0,9483.445344,0,0,0,0,387.0439809,0,3677.207089,774.0879618,45288.48482,967.6099523,32901.92035,0,193.5219905,0,0,5806.238255,0,580.5659714,0,0,0,0,0,0,0,774.0879618,193.5219905,193.5219905,0,0,0,0,0,0,0,967.6099523,0,0,0,0
NA,NA,NA,NA,NA,NA,NA,NA,NA,NA,NA,NA,NA,NA,NA,NA,NA,NA,NA,NA,NA,NA,NA,NA,NA,NA,NA,NA,NA,NA,NA,NA,NA,NA,NA,NA,NA,NA,NA,0,0,0,6949.741149,0,0,0,0,141.842543,0,141.842543,141.842543,70772.90746,425.527629,14182.89565,0,0,141.842543,0,2411.051502,0,0,0,0,0,0,0,141.842543,0,141.842543,283.685086,0,0,283.685086,0,0,0,0,0,709.212715,0,0,0,0
NA,NA,NA,NA,NA,NA,NA,NA,NA,NA,NA,NA,NA,NA,NA,NA,NA,NA,NA,NA,NA,NA,NA,NA,NA,NA,NA,NA,NA,NA,NA,NA,NA,NA,NA,NA,NA,NA,NA,0,0,0,17685.87703,0,0,0,0,0,0,47.33344038,0,10167.01262,0,331.0185264,0,0,0,0,94.56169534,0,0,47.33344038,0,0,0,0,0,0,1324.074106,0,0,0,0,0,0,0,0,0,0,0,0,0,0
NA,NA,NA,NA,NA,NA,NA,NA,NA,NA,NA,NA,NA,NA,NA,NA,NA,NA,NA,NA,NA,NA,NA,NA,NA,NA,NA,NA,NA,NA,NA,NA,NA,NA,NA,NA,NA,NA,NA,0,0,0,11559.78112,0,0,0,0,0,0,0,0,3187.295475,0,71.39322192,0,0,0,0,23.76913758,0,0,0,0,0,0,0,0,0,95.1623595,0,0,0,0,0,0,0,0,0,0,0,0,0,0
NA,NA,NA,NA,NA,NA,NA,NA,NA,NA,NA,NA,NA,NA,NA,NA,NA,NA,NA,NA,NA,NA,NA,NA,NA,NA,NA,NA,NA,NA,NA,NA,NA,NA,NA,NA,NA,NA,NA,0,0,0,10843.67434,0,0,310.0310622,0,3098.130376,0,0,7745.543964,10534.07933,15801.11899,79314.75391,0,619.6260751,0,0,4647.413588,0,310.0310622,0,0,310.0310622,0,0,3408.161438,0,39657.37696,2478.5043,2478.5043,0,0,0,0,310.0310622,0,0,8055.575026,0,0,0,0
NA,NA,NA,NA,NA,NA,NA,NA,NA,NA,NA,NA,NA,NA,NA,NA,NA,NA,NA,NA,NA,NA,NA,NA,NA,NA,NA,NA,NA,NA,NA,NA,NA,NA,NA,NA,NA,NA,NA,0,0,0,8843.080089,0,0,0,0,175.2918242,0,175.2918242,875.8050472,2101.539669,87.64591212,24864.62201,0,0,0,0,4815.292575,0,0,0,0,0,0,0,1313.380534,0,1838.601933,175.2918242,0,0,175.2918242,0,0,0,0,0,612.8673109,0,0,0,0
NA,NA,NA,NA,NA,NA,NA,NA,NA,NA,NA,NA,NA,NA,NA,NA,NA,NA,NA,NA,NA,NA,NA,NA,NA,NA,NA,NA,NA,NA,NA,NA,NA,NA,NA,NA,NA,NA,NA,0,0,0,15725.11014,0,0,0,0,259.2585702,0,0,432.0976171,18921.86942,172.8390468,13910.6817,0,0,0,0,4924.958977,0,0,0,0,0,0,0,172.8390468,0,604.7458923,0,0,0,259.2585702,0,0,0,0,0,86.41952341,0,0,0,0
NA,NA,NA,NA,NA,NA,NA,NA,NA,NA,NA,NA,NA,NA,NA,NA,NA,NA,NA,NA,NA,NA,NA,NA,NA,NA,NA,NA,NA,NA,NA,NA,NA,NA,NA,NA,NA,NA,NA,0,0,0,22782.86955,0,0,0,0,0,0,119.6189334,298.9648377,8849.986165,59.72697089,9388.188869,0,0,0,0,657.821638,0,0,0,0,0,0,0,59.72697089,0,1196.024342,59.72697089,0,0,0,0,0,0,0,0,59.72697089,59.72697089,0,0,0
NA,NA,NA,NA,NA,NA,NA,NA,NA,NA,NA,NA,NA,NA,NA,NA,NA,NA,NA,NA,NA,NA,NA,NA,NA,NA,NA,NA,NA,NA,NA,NA,NA,NA,NA,NA,NA,NA,NA,0,0,0,24754.76374,0,0,0,0,0,0,2712.680225,8138.773236,32215.18378,23059.61332,85454.92129,0,1017.529795,0,0,11190.63006,0,0,0,0,339.1765984,0,0,16615.99051,0,4069.386618,8817.126433,1017.529795,0,3730.21002,0,0,0,0,0,13224.95709,3051.856823,0,0,0
NA,NA,NA,NA,NA,NA,NA,NA,NA,NA,NA,NA,NA,NA,NA,NA,NA,NA,NA,NA,NA,NA,NA,NA,NA,NA,NA,NA,NA,NA,NA,NA,NA,NA,NA,NA,NA,NA,NA,0,0,0,11486.35652,0,0,0,0,656.4449891,0,164.254326,4102.351946,7056.068239,11486.35652,34787.0059,0,164.254326,0,0,2625.207642,0,0,0,0,492.1906631,0,0,984.3813263,0,1969.334967,1805.080641,164.254326,0,984.3813263,0,0,0,0,0,1805.080641,2297.271304,0,0,0
NA,NA,NA,NA,NA,NA,NA,NA,NA,NA,NA,NA,NA,NA,NA,NA,NA,NA,NA,NA,NA,NA,NA,NA,NA,NA,NA,NA,NA,NA,NA,NA,NA,NA,NA,NA,NA,NA,NA,0,0,0,15303.84835,0,337.5893788,0,0,1012.768136,0,337.5893788,1913.20997,16091.96388,6639.461273,16879.46894,0,225.2630755,112.3263033,0,2475.451955,0,0,0,0,0,0,0,1350.357515,0,6751.787576,1575.620591,0,0,562.8524543,0,0,0,0,0,1012.768136,225.2630755,0,0,225.2630755
NA,NA,NA,NA,NA,NA,NA,NA,NA,NA,NA,NA,NA,NA,NA,NA,NA,NA,NA,NA,NA,NA,NA,NA,NA,NA,NA,NA,NA,NA,NA,NA,NA,NA,NA,NA,NA,NA,NA,0,0,0,6488.730917,0,0,0,0,0,0,259.7268277,259.7268277,38152.65005,259.7268277,51908.18242,0,0,0,0,5190.651751,0,0,0,0,0,0,0,259.7268277,0,778.6255112,0,0,0,1038.352339,0,0,0,0,0,1038.352339,0,0,0,0
NA,NA,NA,NA,NA,NA,NA,NA,NA,NA,NA,NA,NA,NA,NA,NA,NA,NA,NA,NA,NA,NA,NA,NA,NA,NA,NA,NA,NA,NA,NA,NA,NA,NA,NA,NA,NA,NA,NA,0,0,0,14586.85582,0,0,0,0,255.9944895,0,0,853.1137116,17913.57666,85.33149651,19022.48361,0,0,0,0,2814.933117,0,0,0,0,0,0,0,85.33149651,0,341.1247325,170.662993,0,0,597.119222,0,0,0,0,0,85.33149651,0,0,0,0
NA,NA,NA,NA,NA,NA,NA,NA,NA,NA,NA,NA,NA,NA,NA,NA,NA,NA,NA,NA,NA,NA,NA,NA,NA,NA,NA,NA,NA,NA,NA,NA,NA,NA,NA,NA,NA,NA,NA,0,0,0,18140.70958,0,0,0,0,0,0,549.7437972,458.1476887,5313.911463,0,12918.39422,0,0,0,0,1557.468137,0,0,0,0,0,0,0,0,0,1099.487594,0,0,0,183.192217,0,0,0,0,0,0,0,0,0,0
NA,NA,NA,NA,NA,NA,NA,NA,NA,NA,NA,NA,NA,NA,NA,NA,NA,NA,NA,NA,NA,NA,NA,NA,NA,NA,NA,NA,NA,NA,NA,NA,NA,NA,NA,NA,NA,NA,NA,0,0,0,16577.21578,0,0,0,0,364.1518805,0,455.2963278,364.1518805,9017.33756,1001.737103,8106.318996,0,0,0,0,1092.88155,0,0,0,0,0,0,0,637.5852224,0,637.5852224,0,0,0,182.2888946,0,0,0,0,0,2186.189009,0,0,0,0
NA,NA,NA,NA,NA,NA,NA,NA,NA,NA,NA,NA,NA,NA,NA,NA,NA,NA,NA,NA,NA,NA,NA,NA,NA,NA,NA,NA,NA,NA,NA,NA,NA,NA,NA,NA,NA,NA,NA,0,0,0,17435.46941,0,0,0,0,256.3969966,0,1487.071004,1230.674008,1743.625881,0,5435.805784,0,0,0,0,4153.820801,0,0,0,0,0,0,0,102.6219506,0,153.775046,0,0,0,0,0,0,0,0,0,307.7079719,0,0,0,0
NA,NA,NA,NA,NA,NA,NA,NA,NA,NA,NA,NA,NA,NA,NA,NA,NA,NA,NA,NA,NA,NA,NA,NA,NA,NA,NA,NA,NA,NA,NA,NA,NA,NA,NA,NA,NA,NA,NA,0,0,0,27664.42197,0,0,0,0,128.6506976,0,2187.514058,1544.034471,19558.07143,0,25091.18192,0,128.6506976,0,0,8749.604034,0,0,0,0,0,0,0,0,0,1286.733075,257.3013952,0,0,0,0,0,0,0,0,1158.082378,0,0,0,0
NA,NA,NA,NA,NA,NA,NA,NA,NA,NA,NA,NA,NA,NA,NA,NA,NA,NA,NA,NA,NA,NA,NA,NA,NA,NA,NA,NA,NA,NA,NA,NA,NA,NA,NA,NA,NA,NA,NA,0,0,0,5716.244249,0,0,290.7710994,0,290.7710994,0,290.7710994,775.1078435,1259.444588,2131.476131,17729.71144,0,387.4130443,0,0,968.9552432,0,0,0,0,0,0,0,1065.597188,0,12691.65133,387.4130443,0,0,193.8473996,0,0,0,0,0,5909.809894,0,0,0,0
NA,NA,NA,NA,NA,NA,NA,NA,NA,NA,NA,NA,NA,NA,NA,NA,NA,NA,NA,NA,NA,NA,NA,NA,NA,NA,NA,NA,NA,NA,NA,NA,NA,NA,NA,NA,NA,NA,NA,0,0,0,25907.02831,0,0,0,0,533.3795771,0,1219.092475,838.1881882,2438.326919,457.1419319,13258.25178,0,533.3795771,0,0,7010.172147,0,76.23764517,0,0,0,0,0,76.23764517,0,1219.092475,457.1419319,0,0,152.3333208,0,152.3333208,0,0,0,6019.508669,0,0,0,0
NA,NA,NA,NA,NA,NA,NA,NA,NA,NA,NA,NA,NA,NA,NA,NA,NA,NA,NA,NA,NA,NA,NA,NA,NA,NA,NA,NA,NA,NA,NA,NA,NA,NA,NA,NA,NA,NA,NA,0,0,0,24511.85811,0,0,0,0,233.5044076,0,700.3606056,466.856198,1400.721211,116.7522038,14590.36266,0,116.7522038,0,0,5836.084018,0,0,0,0,0,0,0,583.6084018,0,466.856198,116.7522038,0,0,0,0,0,0,0,0,3034.794213,0,0,0,0
NA,NA,NA,NA,NA,NA,NA,NA,NA,NA,NA,NA,NA,NA,NA,NA,NA,NA,NA,NA,NA,NA,NA,NA,NA,NA,NA,NA,NA,NA,NA,NA,NA,NA,NA,NA,NA,NA,NA,0,0,489.1122173,14666.19287,0,0,244.5561086,0,6844.310294,0,4155.497398,6599.754185,12954.95226,733.0161763,29576.2897,0,2444.256787,0,0,1466.684502,0,489.1122173,0,0,0,0,0,7577.32647,0,13444.06448,977.5722849,0,0,977.5722849,0,0,0,0,0,39597.87296,0,0,0,0
NA,NA,NA,NA,NA,NA,NA,NA,NA,NA,NA,NA,NA,NA,NA,NA,NA,NA,NA,NA,NA,NA,NA,NA,NA,NA,NA,NA,NA,NA,NA,NA,NA,NA,NA,NA,NA,NA,NA,0,0,911.7866915,6880.586115,0,0,0,0,1823.573383,0,2818.509151,1574.941339,15916.11914,0,12931.71943,0,745.8961311,0,0,414.522604,0,0,0,0,0,0,0,1409.050779,82.7414834,2072.61302,165.8905603,0,0,497.2640874,0,0,0,0,0,10030.46879,0,0,0,82.7414834
NA,NA,NA,NA,NA,NA,NA,NA,NA,NA,NA,NA,NA,NA,NA,NA,NA,NA,NA,NA,NA,NA,NA,NA,NA,NA,NA,NA,NA,NA,NA,NA,NA,NA,NA,NA,NA,NA,NA,0,0,0,7951.334278,0,0,0,0,2002.565164,0,1472.460684,1590.313438,2650.405941,0,8599.175055,0,353.4418046,0,0,353.4418046,0,117.8527533,0,0,0,0,0,883.4298286,0,3062.774122,0,0,58.92637665,117.8527533,0,0,0,0,0,5654.253686,0,0,0,0
NA,NA,NA,NA,NA,NA,NA,NA,NA,NA,NA,NA,NA,NA,NA,NA,NA,NA,NA,NA,NA,NA,NA,NA,NA,NA,NA,NA,NA,NA,NA,NA,NA,NA,NA,NA,NA,NA,NA,0,0,0,3438.225976,0,0,0,0,572.9600258,0,381.9733506,954.9333764,51572.458,1145.920052,50235.55127,0,5921.052755,0,0,954.9333764,0,0,0,0,0,0,0,381.9733506,0,572.9600258,572.9600258,0,0,381.9733506,0,0,0,0,0,10505.6646,0,0,0,381.9733506
NA,NA,NA,NA,NA,NA,NA,NA,NA,NA,NA,NA,NA,NA,NA,NA,NA,NA,NA,NA,NA,NA,NA,NA,NA,NA,NA,NA,NA,NA,NA,NA,NA,NA,NA,NA,NA,NA,NA,0,0,0,3567.258438,0,0,0,0,162.3852561,0,324.1183626,486.5036188,648.2367253,0,65340.82718,0,2270.132838,0,0,1297.1256,0,0,0,0,0,0,0,324.1183626,0,162.3852561,0,0,0,1134.740344,0,0,0,0,0,5675.00602,0,0,0,162.3852561
NA,NA,NA,NA,NA,NA,NA,NA,NA,NA,NA,NA,NA,NA,NA,NA,NA,NA,NA,NA,NA,NA,NA,NA,NA,NA,NA,NA,NA,NA,NA,NA,NA,NA,NA,NA,NA,NA,NA,0,0,0,7491.102974,0,0,0,0,223.5941565,0,782.5795477,111.7970782,3913.363559,0,53556.15742,0,335.3912347,0,0,2795.159867,0,0,0,0,0,0,0,111.7970782,0,1117.970782,0,0,0,111.7970782,0,0,0,0,0,3242.348179,0,0,0,0
NA,NA,NA,NA,NA,NA,NA,NA,NA,NA,NA,NA,NA,NA,NA,NA,NA,NA,NA,NA,NA,NA,NA,NA,NA,NA,NA,NA,NA,NA,NA,NA,NA,NA,NA,NA,NA,NA,NA,0,0,0,3856.038443,0,0,0,0,74.18201962,0,889.7766419,296.5242817,4523.269026,0,30476.78605,0,148.3640392,0,0,593.2523602,0,0,0,0,0,0,0,593.2523602,0,444.8883209,0,0,0,741.6163994,0,0,0,0,0,1705.575061,0,0,0,0
NA,NA,NA,NA,NA,NA,NA,NA,NA,NA,NA,NA,NA,NA,NA,NA,NA,NA,NA,NA,NA,NA,NA,NA,NA,NA,NA,NA,NA,NA,NA,NA,NA,NA,NA,NA,NA,NA,NA,0,0,0,10108.06833,0,0,0,0,412.6100499,0,3094.199134,412.6100499,3300.629572,0,83958.74576,0,206.1796116,0,0,2062.799423,0,0,0,0,0,0,0,1237.83015,0,1650.189373,0,0,0,1444.009761,0,0,0,0,0,2888.019522,0,0,0,0
NA,NA,NA,NA,NA,NA,NA,NA,NA,NA,NA,NA,NA,NA,NA,NA,NA,NA,NA,NA,NA,NA,NA,NA,NA,NA,NA,NA,NA,NA,NA,NA,NA,NA,NA,NA,NA,NA,NA,0,0,0,2658.102577,0,0,0,0,379.7289396,0,3037.831517,949.4705647,16328.93726,0,101201.4678,0,2468.386323,0,0,569.7416252,0,0,0,0,0,0,0,1139.186819,0,1139.186819,0,0,0,379.7289396,0,0,0,0,0,3607.573142,0,0,0,0
NA,NA,NA,NA,NA,NA,NA,NA,NA,NA,NA,NA,NA,NA,NA,NA,NA,NA,NA,NA,NA,NA,NA,NA,NA,NA,NA,NA,NA,NA,NA,NA,NA,NA,NA,NA,NA,NA,NA,0,0,0,7341.574381,0,0,0,0,0,0,1523.747594,1246.584004,7202.992586,0,59702.01546,0,1246.584004,0,0,969.7464894,0,0,0,0,0,0,0,554.0011048,0,554.0011048,0,0,0,692.5828996,0,0,0,0,0,2631.749804,0,0,0,0
NA,NA,NA,NA,NA,NA,NA,NA,NA,NA,NA,NA,NA,NA,NA,NA,NA,NA,NA,NA,NA,NA,NA,NA,NA,NA,NA,NA,NA,NA,NA,NA,NA,NA,NA,NA,NA,NA,NA,0,0,0,5343.434519,0,0,0,0,0,0,1877.492183,1733.087623,2599.51498,0,66431.22135,0,433.2136782,0,0,866.4273563,0,0,0,0,0,0,0,1155.236475,0,144.4045594,0,0,0,866.4273563,0,0,0,0,0,2021.896742,0,0,0,0
NA,NA,NA,NA,NA,NA,NA,NA,NA,NA,NA,NA,NA,NA,NA,NA,NA,NA,NA,NA,NA,NA,NA,NA,NA,NA,NA,NA,NA,NA,NA,NA,NA,NA,NA,NA,NA,NA,NA,0,62.4976722,0,2807.232398,0,62.4976722,187.2212876,0,7049.193966,0,2120.84492,0,2370.563879,2744.734726,6362.806488,0,0,0,0,124.7236154,0,0,0,0,2245.840264,0,0,249.4472308,0,124.7236154,249.4472308,0,0,0,0,0,0,0,0,748.6134213,374.1708462,0,0,187.2212876
NA,NA,NA,NA,NA,NA,NA,NA,NA,NA,NA,NA,NA,NA,NA,NA,NA,NA,NA,NA,NA,NA,NA,NA,NA,NA,NA,NA,NA,NA,NA,NA,NA,NA,NA,NA,NA,NA,NA,0,0,0,5803.605716,0,0,264.0154118,0,1582.51469,0,1670.870445,527.5048966,1846.530102,2813.710066,27785.78135,0,0,264.0154118,0,1406.855033,0,0,0,0,0,0,0,0,0,0,351.8452401,0,0,264.0154118,0,0,0,0,0,2022.189758,439.6750683,0,0,0
NA,NA,NA,NA,NA,NA,NA,NA,NA,NA,NA,NA,NA,NA,NA,NA,NA,NA,NA,NA,NA,NA,NA,NA,NA,NA,NA,NA,NA,NA,NA,NA,NA,NA,NA,NA,NA,NA,NA,0,0,0,5285.672697,0,27.17290097,0,0,296.7280786,27.17290097,404.3327664,242.3822767,3128.14436,351.0738805,377.1598655,0,3640.081814,54.34580194,0,404.3327664,0,80.43178687,0,0,54.34580194,0,0,404.3327664,0,54.34580194,27.17290097,0,0,0,0,0,0,0,0,1753.195571,0,0,0,0
NA,NA,NA,NA,NA,NA,NA,NA,NA,NA,NA,NA,NA,NA,NA,NA,NA,NA,NA,NA,NA,NA,NA,NA,NA,NA,NA,NA,NA,NA,NA,NA,NA,NA,NA,NA,NA,NA,NA,0,0,0,55882.70116,0,0,0,0,2148.833006,0,6446.499019,10747.42578,381501.0077,2148.833006,68778.95995,0,3224.879884,0,0,9671.378903,0,0,0,0,2148.833006,0,0,2148.833006,0,1076.046877,0,0,0,7522.545897,0,0,0,0,0,8598.592774,0,0,0,0
NA,NA,NA,NA,NA,NA,NA,NA,NA,NA,NA,NA,NA,NA,NA,NA,NA,NA,NA,NA,NA,NA,NA,NA,NA,NA,NA,NA,NA,NA,NA,NA,NA,NA,NA,NA,NA,NA,NA,0,0,0,10722.2291,337.6356457,0,0,0,168.9660387,0,591.0847037,1181.872976,4727.788335,844.2373301,23977.17018,0,337.6356457,0,0,1772.95768,0,0,0,0,168.9660387,0,0,168.9660387,0,506.6016844,168.9660387,0,0,506.6016844,0,0,0,0,0,844.2373301,84.48301934,0,0,0
NA,NA,NA,NA,NA,NA,NA,NA,NA,NA,NA,NA,NA,NA,NA,NA,NA,NA,NA,NA,NA,NA,NA,NA,NA,NA,NA,NA,NA,NA,NA,NA,NA,NA,NA,NA,NA,NA,NA,0,0,0,13632.40812,0,0,0,0,66.27824973,0,794.2757093,1191.236349,1720.753489,66.27824973,20184.03083,0,860.1995299,0,0,4830.869218,0,0,0,0,0,0,0,198.48032,0,2448.396519,0,0,0,1257.514599,0,0,0,0,0,1654.475239,0,0,0,0
NA,NA,NA,NA,NA,NA,NA,NA,NA,NA,NA,NA,NA,NA,NA,NA,NA,NA,NA,NA,NA,NA,NA,NA,NA,NA,NA,NA,NA,NA,NA,NA,NA,NA,NA,NA,NA,NA,NA,0,0,0,3788.33716,0,0,0,0,0,0,0,0,30907.32708,0,33898.7374,0,0,199.5577846,0,0,0,0,0,0,0,0,0,1196.694558,0,0,0,0,0,0,0,0,0,0,0,3987.894945,0,0,0,0
NA,NA,NA,NA,NA,NA,NA,NA,NA,NA,NA,NA,NA,NA,NA,NA,NA,NA,NA,NA,NA,NA,NA,NA,NA,NA,NA,NA,NA,NA,NA,NA,NA,NA,NA,NA,NA,NA,NA,0,0,0,9674.639656,0,0,0,0,0,0,1121.697351,280.4243378,18928.6428,0,41783.22634,0,7571.457122,0,0,560.8486757,0,0,0,0,0,0,0,280.4243378,0,140.2121689,0,0,0,140.2121689,0,0,0,0,0,4627.001574,0,0,0,0
NA,NA,NA,NA,NA,NA,NA,NA,NA,NA,NA,NA,NA,NA,NA,NA,NA,NA,NA,NA,NA,NA,NA,NA,NA,NA,NA,NA,NA,NA,NA,NA,NA,NA,NA,NA,NA,NA,NA,0,0,0,23495.52434,0,0,0,0,172.8196501,0,604.6649786,431.8453285,863.8944537,0,21595.11958,0,863.8944537,0,0,2245.840264,0,0,0,0,0,0,0,0,0,863.8944537,0,0,0,518.2551535,0,0,0,0,0,1727.585111,0,0,0,0
NA,NA,NA,NA,NA,NA,NA,NA,NA,NA,NA,NA,NA,NA,NA,NA,NA,NA,NA,NA,NA,NA,NA,NA,NA,NA,NA,NA,NA,NA,NA,NA,NA,NA,NA,NA,NA,NA,NA,0,0,0,4117.527796,0,0,0,0,20.07171617,0,321.3648419,220.9338,120.5027581,20.07171617,3133.361555,0,261.0772323,0,0,1084.597284,0,0,0,0,0,0,0,40.14343234,0,40.14343234,0,0,0,140.5744743,0,0,0,0,0,602.5862515,0,0,0,0
NA,NA,NA,NA,NA,NA,NA,NA,NA,NA,NA,NA,NA,NA,NA,NA,NA,NA,NA,NA,NA,NA,NA,NA,NA,NA,NA,NA,NA,NA,NA,NA,NA,NA,NA,NA,NA,NA,NA,0,0,0,5076.984814,0,0,0,0,0,0,310.7027132,103.4122973,33570.33348,0,7460.125865,0,3626.417724,0,0,103.4122973,0,0,0,0,0,0,0,1139.864377,0,1139.864377,0,0,0,0,0,0,0,0,0,3315.715011,0,0,0,0
NA,NA,NA,NA,NA,NA,NA,NA,NA,NA,NA,NA,NA,NA,NA,NA,NA,NA,NA,NA,NA,NA,NA,NA,NA,NA,NA,NA,NA,NA,NA,NA,NA,NA,NA,NA,NA,NA,NA,0,0,0,9131.521299,0,0,0,0,0,0,130.4299246,65.2149623,3978.724091,0,28503.21826,0,586.9346607,0,0,130.4299246,0,0,0,0,0,0,0,130.4299246,0,913.213269,0,0,0,65.2149623,0,0,0,0,0,1369.718005,0,0,0,0
NA,NA,NA,NA,NA,NA,NA,NA,NA,NA,NA,NA,NA,NA,NA,NA,NA,NA,NA,NA,NA,NA,NA,NA,NA,NA,NA,NA,NA,NA,NA,NA,NA,NA,NA,NA,NA,NA,NA,0,0,0,13924.7531,0,0,0,0,0,0,1705.099535,1136.642447,5541.369692,0,41205.53047,0,284.228544,0,0,568.457088,0,0,0,0,0,0,0,426.342816,0,3552.313342,0,0,0,142.114272,0,0,0,0,0,2131.442351,0,0,0,0
NA,NA,NA,NA,NA,NA,NA,NA,NA,NA,NA,NA,NA,NA,NA,NA,NA,NA,NA,NA,NA,NA,NA,NA,NA,NA,NA,NA,NA,NA,NA,NA,NA,NA,NA,NA,NA,NA,NA,0,0,0,9854.524261,0,0,0,0,13485.36729,0,259.2294751,2852.611142,52644.77831,1555.920309,69501.21569,0,259.2294751,0,0,1815.149784,0,0,0,0,0,0,0,2593.381667,0,6483.454168,259.2294751,0,0,259.2294751,0,0,0,0,0,18153.12821,0,0,0,259.2294751
NA,NA,NA,NA,NA,NA,NA,NA,NA,NA,NA,NA,NA,NA,NA,NA,NA,NA,NA,NA,NA,NA,NA,NA,NA,NA,NA,NA,NA,NA,NA,NA,NA,NA,NA,NA,NA,NA,NA,0,0,0,19003.34358,0,0,0,0,11467.45826,0,1310.524311,6880.474954,43576.34138,327.5569697,80927.61817,0,1310.524311,0,0,10484.49092,0,0,0,0,0,0,0,1310.524311,0,4259.426333,0,0,0,327.5569697,0,0,0,0,0,10156.93395,0,0,0,0
NA,NA,NA,NA,NA,NA,NA,NA,NA,NA,NA,NA,NA,NA,NA,NA,NA,NA,NA,NA,NA,NA,NA,NA,NA,NA,NA,NA,NA,NA,NA,NA,NA,NA,NA,NA,NA,NA,NA,0,0,0,11131.78647,0,0,0,0,5660.251133,0,188.7157971,5282.819539,5848.96693,0,41508.9159,0,566.1473913,0,0,5660.251133,0,0,0,0,0,0,0,566.1473913,0,3773.500755,0,0,0,0,0,0,0,0,0,6603.830119,0,0,0,0
NA,NA,NA,NA,NA,NA,NA,NA,NA,NA,NA,NA,NA,NA,NA,NA,NA,NA,NA,NA,NA,NA,NA,NA,NA,NA,NA,NA,NA,NA,NA,NA,NA,NA,NA,NA,NA,NA,NA,0,0,406.2892151,3859.421469,0,0,0,0,17062.84274,0,1218.867645,3656.602936,4468.529217,1827.975393,10359.39676,0,4062.892151,0,0,2234.264608,0,0,0,0,0,0,0,3250.313721,0,16860.0242,1015.396963,0,0,0,0,0,0,0,0,29657.15626,0,0,0,202.8185328
NA,NA,NA,NA,NA,NA,NA,NA,NA,NA,NA,NA,NA,NA,NA,NA,NA,NA,NA,NA,NA,NA,NA,NA,NA,NA,NA,NA,NA,NA,NA,NA,NA,NA,NA,NA,NA,NA,NA,0,0,0,17897.15949,0,0,0,0,15510.83532,0,1192.890352,6920.394416,30544.51451,1670.589951,68964.27917,0,238.5780704,0,0,3102.058373,0,0,0,0,0,0,0,238.5780704,0,3579.214514,1192.890352,0,0,0,0,0,0,0,0,22669.80781,0,0,0,477.1561408
NA,NA,NA,NA,NA,NA,NA,NA,NA,NA,NA,NA,NA,NA,NA,NA,NA,NA,NA,NA,NA,NA,NA,NA,NA,NA,NA,NA,NA,NA,NA,NA,NA,NA,NA,NA,NA,NA,NA,0,0,0,14569.95422,0,0,0,0,1274.952513,0,3278.216409,1274.952513,13295.23462,182.1360733,35878.71024,0,364.2721466,0,0,546.4082199,0,0,0,0,0,0,0,0,182.1360733,1821.360733,364.2721466,0,0,364.2721466,0,182.1360733,0,0,0,9106.337844,0,182.1360733,0,182.1360733
NA,NA,NA,NA,NA,NA,NA,NA,NA,NA,NA,NA,NA,NA,NA,NA,NA,NA,NA,NA,NA,NA,NA,NA,NA,NA,NA,NA,NA,NA,NA,NA,NA,NA,NA,NA,NA,NA,NA,0,0,0,22429.38198,0,0,0,0,4531.135581,0,2492.189784,2265.56779,21976.46407,0,58452.49679,0,226.621994,0,0,1812.323802,0,226.621994,0,0,0,0,0,906.1619012,0,3624.97368,226.621994,0,0,0,0,0,0,0,0,11781.08294,0,226.621994,0,0
NA,NA,NA,NA,NA,NA,NA,NA,NA,NA,NA,NA,NA,NA,NA,NA,NA,NA,NA,NA,NA,NA,NA,NA,NA,NA,NA,NA,NA,NA,NA,NA,NA,NA,NA,NA,NA,NA,NA,0,29.34673304,0,3730.947993,0,0,0,0,0,0,117.3869321,0,6228.0289,0,470.1998782,58.69346607,3466.827396,0,0,29.34673304,0,470.1998782,0,29.34673304,29.34673304,0,0,704.9737425,0,293.4673304,0,0,0,0,0,0,0,0,0,411.5064121,0,0,0,0
